8/01/2015 9:00;0;368.526;113.637;294.286;245.797;106.545;189.591;21.35;998.527;77.3;2.581;223.1;32.1;;"Brooks, M.J., du Clou, S., van Niekerk, J.L., Gauche, P., Leonard, C., Mouzouris, M.J., Meyer, A.J., van der Westhuizen, N., van Dyk, E.E. and Vorster, F. 2015. ""SAURAN: A new resource for solar radiometric data in Southern Africa"". Journal of Energy in Southern Africa, 26, 2-10."
8/01/2015 10:00;1;705.1;645.038;225.304;188.423;189.379;312.685;22.53;998.555;68.88;3.144;234.3;34.23;;Southern African Universities Radiometric Network
8/01/2015 11:00;2;881.583;402.528;839.971;186.649;279.445;399.945;22.7;998.936;73.41;5.512;223.4;30.92;;
8/01/2015 12:00;3;899.796;452.43;453.606;315.231;318.876;420.269;23.04;999.555;55.2;5.916;219.7;29.46;;
8/01/2015 13:00;4;1089.67;896.762;184.652;157.458;390.073;495.673;24.46;999.615;59.46;5.885;223;30.3;;
8/01/2015 14:00;5;1081.63;977.149;104.804;978.532;387.558;494.473;24.34;999.802;60.16;5.681;226.4;32.44;;
8/01/2015 15:00;6;907.143;788.878;165.303;139.624;31.454;422.054;23.8;999.852;73.45;6.593;222.7;30.87;;
8/01/2015 16:00;7;832.135;811.3;157.266;144.016;216.696;339.889;22.98;999.815;68.21;6.557;226.6;32.7;;
8/01/2015 17:00;8;617.332;683.726;154.552;142.669;115.464;219.888;23.16;1000.02;62.86;5.504;233.4;32.52;;
8/01/2015 18:00;9;450.624;713.842;993.159;962.232;700.746;168.013;23.13;1000.26;59.27;4.681;219;30.34;;
8/01/2015 19:00;10;242.673;645.622;51.771;556.294;27.185;0.914256;22.79;1000.43;60.78;2.896;241.6;34.18;;
8/01/2015 20:00;11;557.177;279.396;211.447;258.683;0.370141;0.233758;20.73;1000.96;65.91;3.026;245.2;30.09;;
8/01/2015 21:00;12;0.0690908;0;0.0869109;0.140577;0;0.0146888;19.38;1001.29;67.71;0.997;251.9;35.61;;
8/01/2015 22:00;13;0;0;0;0;0;0.011602;19.1;1001.3;64.36;2.136;82.1;62.49;;
8/01/2015 23:00;14;0;0;0;0;0;0.0116035;18.22;1001.47;70.58;1.734;171.7;37.63;;
9/01/2015 0:00;15;0;0;0;0;0;0.0116153;17.74;1001.7;72.5;1.274;192.1;48.74;;
9/01/2015 1:00;16;0;0;0;0;0;0.0115661;17.53;1001.45;60.14;2.164;187;47.24;;
9/01/2015 2:00;17;0;0;0;0;0;0.0115903;18.96;1001.15;59.08;4.35;147.7;42.02;;
9/01/2015 3:00;18;0;0;0;0;0;0.0116114;18.87;1000.57;59.69;4.594;152.9;36.34;;
9/01/2015 4:00;19;0;0;0;0;0;0.0116098;18.8;1000.32;59.77;4.059;156.6;41.02;;
9/01/2015 5:00;20;0;0;0;0;0;0.0116731;19.19;1000.49;58.82;4.283;139.9;34.9;;
9/01/2015 6:00;21;120.934;0.125548;138.468;206.374;0.0102781;0.0330079;17.44;1000.86;72.56;2.788;104;42.32;;
9/01/2015 7:00;22;953.594;378.921;255.917;298.766;0.804813;0.398567;16.92;1001.24;63.02;0.52;85.5;44.01;;
9/01/2015 8:00;23;331.474;814.596;430.528;475.564;426.241;124.995;20.02;1001.73;53.38;0.283;236.6;23.62;;
9/01/2015 9:00;24;565.553;938.548;520.116;531.941;110.195;229.571;22.93;1001.49;45.7;1.161;322.1;21.72;;
9/01/2015 10:00;25;774.276;990.312;597.632;591.211;197.525;326.853;24.29;1001.32;41.09;1.198;237.6;56.56;;
9/01/2015 11:00;26;944.602;1021.52;637.545;631.775;286.179;409.545;25.78;1001.39;36.86;1.285;202.8;48.66;;
9/01/2015 12:00;27;1058.64;1032.02;693.625;673.583;351.626;462.595;27.64;1000.93;32.78;1.388;262.5;61.98;;
9/01/2015 13:00;28;1110.02;1028.7;753.009;732.294;379.042;48.313;29.78;1000.29;38.22;1.67;226;50.46;;
9/01/2015 14:00;29;1100.89;1014.98;880.492;84.129;373.097;481.366;28.37;999.955;40.47;3.777;244.4;33.72;;
9/01/2015 15:00;30;1024.97;1000.46;872.892;82.417;33.123;449.368;27.94;999.906;42.89;3.94;254.7;32.89;;
9/01/2015 16:00;31;885.876;959.628;896.807;84.256;251.558;381.014;28.19;999.576;41.97;4.03;255;32.92;;
9/01/2015 17:00;32;644.393;735.088;145.435;133.465;115.886;225.952;28.88;998.886;44.92;3.466;253.1;31.91;;
9/01/2015 18:00;33;443.356;664.786;114.666;107.499;609.225;151.814;27.76;998.589;52.9;3.825;243.9;30.54;;
9/01/2015 19:00;34;238.044;574.37;679.033;672.362;251.561;0.859141;25.98;998.472;54.04;3.134;242;30.78;;
9/01/2015 20:00;35;510.513;216.712;234.306;259.211;0.358862;0.227939;25.42;998.469;62.3;1.18;208.2;46.57;;
9/01/2015 21:00;36;0.0123752;0;0.0248212;0.0772196;0;0.0144715;23.23;999.179;66.36;1.527;208.9;27.68;;
9/01/2015 22:00;37;0;0;0;0;0;0.0115246;22.48;999.392;70.24;0.334;178.8;25.17;;
9/01/2015 23:00;38;0;0;0;0;0;0.0115465;22.42;999.289;61.94;1.617;90.3;31.81;;
10/01/2015 0:00;39;0;0;0;0;0;0.0115504;21.37;999.214;76.96;0.481;272.2;61.13;;
10/01/2015 1:00;40;0;0;0;0;0;0.0115574;18.92;998.877;84.1;0.549;341.8;23.41;;
10/01/2015 2:00;41;0;0;0;0;0;0.0115801;18.15;998.458;86.6;0.351;317.2;11.75;;
10/01/2015 3:00;42;0;0;0;0;0;0.0115785;17.27;998.172;87.9;0.056;39.71;4.755;;
10/01/2015 4:00;43;0;0;0;0;0;0.0115606;16.3;997.713;90.5;0.485;28.14;29.54;;
10/01/2015 5:00;44;0;0;0;0;0;0.0115497;16.1;998.049;90.2;0.246;32.58;19.33;;
10/01/2015 6:00;45;163.637;0;153.426;157.853;0.00820564;0.0308654;15.87;998.67;90.2;0.323;52.75;16.94;;
10/01/2015 7:00;46;888.385;312.956;306.763;324.412;0.765389;0.376486;16.67;999.387;80.9;0.242;54.97;11.46;;
10/01/2015 8:00;47;320.134;735.293;550.901;554.121;40.815;11.729;20.47;999.826;65.6;0.639;76.72;18.92;;
10/01/2015 9:00;48;525.346;867.372;673.881;629.518;10.563;215.468;24.63;1000.33;54.62;0.397;285.4;38.82;;
10/01/2015 10:00;49;749.778;923.139;802.155;737.774;189.914;309.916;25.93;1000.54;55.02;0.847;240;39.88;;
10/01/2015 11:00;50;918.4;954.328;963.216;889.819;278.636;395.416;26.5;1000.58;56.19;2.496;216;36.66;;
10/01/2015 12:00;51;1036.87;960.71;115.645;104.775;346.088;453.463;26;1001.03;55.02;3.623;231.1;32.8;;
10/01/2015 13:00;52;1111.94;996.082;104.713;965.538;389.329;488.206;25.73;1001.28;62.56;3.984;239.6;33.01;;
10/01/2015 14:00;53;1100.82;986.587;111.602;101.655;386.044;487.369;24.61;1001.39;67.43;4.265;227.8;35.87;;
10/01/2015 15:00;54;1016.95;965.716;113.98;102.436;341.648;454.356;24.29;1001.32;65.41;4.334;236.4;35.66;;
10/01/2015 16:00;55;885.646;924.402;115.69;103.657;261.302;384.656;24.33;1001.08;65.65;5.045;237.7;33.46;;
10/01/2015 17:00;56;696.562;863.591;111.077;100.229;169.283;293.957;24.66;1000.52;60.97;5.236;231.6;33.41;;
10/01/2015 18:00;57;468.194;787.379;891.861;830.158;863.562;19.173;24.79;1000.5;57.91;4.33;223.4;33.53;;
10/01/2015 19:00;58;259.156;684;537.346;570.383;292.159;0.95092;24.27;1000.83;62.14;3.39;228;32.13;;
10/01/2015 20:00;59;488.298;202.605;199.973;22.73;0.377786;0.231782;21.57;1001.3;73.91;3.069;243.7;32.3;;
10/01/2015 21:00;60;0.00958385;0;0.0199797;0.067573;0;0.0145434;19.47;1001.52;78.44;1.155;282.1;44.3;;
10/01/2015 22:00;61;0;0;0;0;0;0.0115864;18.89;1001.99;80.5;0.803;260;38.55;;
10/01/2015 23:00;62;0;0;0;0;0;0.011577;18.62;1002.32;81.6;0.518;231.6;36.98;;
11/01/2015 0:00;63;0;0;0;0;0;0.0116082;18.03;1002.22;83.8;0.817;101.9;55.33;;
11/01/2015 1:00;64;0;0;0;0;0;0.0116168;17.4;1002;85.4;0.499;102;54.16;;
11/01/2015 2:00;65;0;0;0;0;0;0.0115754;17.22;1001.3;85.6;1.01;110.2;43.93;;
11/01/2015 3:00;66;0;0;0;0;0;0.0115856;16.49;1000.57;88.3;0.455;52.6;44.25;;
11/01/2015 4:00;67;0;0;0;0;0;0.0114927;15.19;1000.4;90.1;0.438;43.91;21.96;;
11/01/2015 5:00;68;0;0;0;0;0;0.0115311;14.64;1000.81;89;0.633;61.47;26.08;;
11/01/2015 6:00;69;164.812;0;156.857;153.043;0.00672774;0.0295064;14.4;1001.17;89.5;0.464;39.81;21.8;;
11/01/2015 7:00;70;902.925;353.306;253.951;29.099;0.773766;0.378444;15.14;1001.59;80.4;0.501;62.75;13.82;;
11/01/2015 8:00;71;318.428;759.823;476.182;49.72;426.927;120.674;19.92;1001.81;71.51;0.102;227.7;11.78;;
11/01/2015 9:00;72;528.798;885.92;571.323;561.845;111.434;223.609;22.12;1001.65;61.56;0.248;191.7;31.96;;
11/01/2015 10:00;73;755.773;958.024;615.152;596.847;202.151;324.322;24.19;1001.09;54.56;0.606;223.5;46.74;;
11/01/2015 11:00;74;922.652;992.605;670.574;655.769;293.288;408.024;25.56;1000.7;45.62;1.29;214.7;34.26;;
11/01/2015 12:00;75;1039.76;1009.51;706.621;688.239;362.148;464.972;27.04;1000.41;41.88;1.816;215.5;46.21;;
11/01/2015 13:00;76;1101.77;1011.73;777.526;755.172;39.25;487.808;27.49;999.754;52.11;3.516;232.5;38.23;;
11/01/2015 14:00;77;1094.88;1009.64;805.259;772.688;387.006;484.958;26.71;999.336;50.57;3.964;217;29.71;;
11/01/2015 15:00;78;1010.02;986.844;847.069;799.789;341.824;450.936;26.81;998.991;52.05;4.281;236.9;35.4;;
11/01/2015 16:00;79;874.92;943.658;885.311;814.739;261.758;382.377;27.15;998.086;47.64;3.381;241;37.42;;
11/01/2015 17:00;80;690;902.432;789.773;744.088;168.821;291.031;28.31;996.92;49.38;3.335;255.4;32.09;;
11/01/2015 18:00;81;466.172;825.114;685.077;669.194;85.326;189.647;28.11;996.141;51.37;3.725;250.7;32.47;;
11/01/2015 19:00;82;250.918;656.799;535.505;558.035;285.599;0.93293;26.81;995.949;56.27;3.289;245.7;31.34;;
11/01/2015 20:00;83;555.695;268.252;218.149;252.357;0.371615;0.229708;25.24;995.984;61.08;1.417;237.2;31.02;;
11/01/2015 21:00;84;0;0;0.00542986;0.041512;0;0.0143981;23.36;996.404;66.73;0.256;243.7;18.9;;
11/01/2015 22:00;85;0;0;0;0;0;0.0115145;21.66;996.634;75;0.583;319.8;24.42;;
11/01/2015 23:00;86;0;0;0;0;0;0.0115778;20.21;997.009;78.72;0.562;336.9;29.73;;
12/01/2015 0:00;87;0;0;0;0;0;0.0115621;19.35;996.664;82.1;0.223;7.713;14.67;;
12/01/2015 1:00;88;0;0;0;0;0;0.0115926;18.54;996.569;85.6;0.541;330.8;20.46;;
12/01/2015 2:00;89;0;0;0;0;0;0.0115887;17.89;995.952;87.3;0.771;69.21;21.7;;
12/01/2015 3:00;90;0;0;0;0;0;0.0115574;17.26;995.248;89.2;0.062;47.47;4.149;;
12/01/2015 4:00;91;0;0;0;0;0;0.0115559;16.9;995.001;90.7;0.269;53.6;18.54;;
12/01/2015 5:00;92;0;0;0;0;0;0.0115848;16.43;995.047;92.3;0.453;28.92;36.16;;
12/01/2015 6:00;93;133.238;0;130.665;122.835;0.00592371;0.0281177;16.24;995.435;93.5;0.395;36.98;24.58;;
12/01/2015 7:00;94;810.914;261.261;344.986;338.871;0.751076;0.369659;16.63;995.932;90.3;0.227;338.6;16.33;;
12/01/2015 8:00;95;311.544;667.125;650.865;58.064;411.649;117.382;19.29;996.136;79.92;0.341;4.178;30.98;;
12/01/2015 9:00;96;524.105;836.77;689.905;627.982;107.942;218.077;23.2;995.92;67.31;0.333;280.4;23.79;;
12/01/2015 10:00;97;739.377;909.458;776.536;713.103;198.325;318.572;25.13;995.771;59.34;0.897;350.1;44.23;;
12/01/2015 11:00;98;913.339;951.965;847.656;771.667;287.139;399.132;27.13;995.595;52.89;1.229;311.5;57.88;;
12/01/2015 12:00;99;1022.67;953.522;108.265;991.824;352.524;451.539;27.31;995.552;60.16;3.026;235.8;43.96;;
12/01/2015 13:00;100;1086.64;977.964;941.664;877.529;38.905;478.813;26.98;995.702;55.67;2.983;225.6;39.03;;
12/01/2015 14:00;101;1077.78;983.934;898.306;846.779;384.742;476.774;26.49;995.613;52.07;3.715;224.7;33.75;;
12/01/2015 15:00;102;993.49;960.381;937.284;874.472;333.879;438.761;26.6;995.647;54.22;4.103;224.6;34.23;;
12/01/2015 16:00;103;875.596;939.07;872.809;818.142;259.572;377.049;26.6;995.489;49.06;4.345;236.5;33.01;;
12/01/2015 17:00;104;695.421;900.001;801.265;770.941;170.582;292.734;24.54;995.738;67.6;5.133;231;31.98;;
12/01/2015 18:00;105;482.994;834.68;674.378;672.226;886.127;195.887;22.84;996.051;71.46;5.579;227;32.82;;
12/01/2015 19:00;106;254.473;700.017;465.076;51.089;29.512;0.952895;22.11;996.512;67.79;4.838;225.1;33.39;;
12/01/2015 20:00;107;593.417;342.908;176.245;234.137;0.380177;0.233476;21.81;996.898;70.06;2.57;248;32.04;;
12/01/2015 21:00;108;0.00199668;0;0.010281;0.0665426;0;0.01447;20.05;997.297;83.5;2.291;239.1;30.88;;
12/01/2015 22:00;109;0;0;0;0;0;0.0115668;19.5;997.747;78.07;1.808;238.2;32.78;;
12/01/2015 23:00;110;0;0;0;0;0;0.0116067;19.26;998.165;85;2.82;231.1;30.36;;
13/01/2015 0:00;111;0;0;0;0;0;0.0115981;18.23;998.642;82;1.239;117.2;61.12;;
13/01/2015 1:00;112;0;0;0;0;0;0.0115667;17.33;998.73;85.4;0.789;103.4;21.98;;
13/01/2015 2:00;113;0;0;0;0;0;0.0115504;16.48;998.507;86.3;1.123;97.1;25.56;;
13/01/2015 3:00;114;0;0;0;0;0;0.0115068;15.9;997.948;86.5;0.965;90;25.53;;
13/01/2015 4:00;115;0;0;0;0;0;0.0115748;15.6;997.471;87.2;1.001;74.82;21.68;;
13/01/2015 5:00;116;0;0;0;0;0;0.0115397;15.36;997.464;87.2;0.7;78.67;16.16;;
13/01/2015 6:00;117;136.981;0;130.498;126.615;0.00466472;0.026947;15.17;998.138;85.7;0.798;78.55;21.29;;
13/01/2015 7:00;118;844.007;334.747;247.239;284.151;0.710436;0.362593;15.87;998.864;79.03;1.244;86.8;16.56;;
13/01/2015 8:00;119;307.09;757.141;428.505;466.061;402.585;119.683;20.55;999.181;63.92;0.345;72.86;28.39;;
13/01/2015 9:00;120;527.315;876.126;515.987;528.779;106.412;222.633;23.31;999.194;59.46;0.486;226.3;32.03;;
13/01/2015 10:00;121;737.881;938.417;579.156;574.288;197.314;324.372;25.32;999.363;51.62;0.856;248.5;36.56;;
13/01/2015 11:00;122;901.728;967.459;672.537;648.525;288.382;405.999;27.07;999.124;41.75;1.468;263.6;59.24;;
13/01/2015 12:00;123;1013.36;971.989;804.056;754.347;357.329;459.544;28.5;998.515;43.08;3.453;131.3;40.64;;
13/01/2015 13:00;124;1082.25;1006.16;671.775;671.642;392.436;486.692;29.32;997.815;39.85;3.541;138.5;33.68;;
13/01/2015 14:00;125;1076.04;1005.53;682.443;674.888;385.608;482.521;30.36;997.06;42.43;3.414;134.4;34.94;;
13/01/2015 15:00;126;1002.98;991.661;699.847;682.918;340.839;449.865;30.33;996.426;43.05;3.966;127.9;34.64;;
13/01/2015 16:00;127;879.286;968.081;70.494;685.388;26.531;389.253;29.61;995.935;46.22;5.127;119.8;28.98;;
13/01/2015 17:00;128;700.655;919.186;689.599;674.044;173.659;301.955;28.43;995.582;51.43;5.806;121.3;32.13;;
13/01/2015 18:00;129;480.255;838.364;65.661;659.709;873.176;197.623;26.54;995.638;56.59;6.836;120.5;29.35;;
13/01/2015 19:00;130;263.707;664.116;644.386;663.455;280.038;0.961211;24.7;996.168;62.71;7.405;119.9;27.56;;
13/01/2015 20:00;131;744.866;311.247;351.459;383.799;0.371124;0.235126;23.66;996.591;65.81;7.755;111.8;26.86;;
13/01/2015 21:00;132;0.878916;0;0.862225;0.869671;0;0.0142973;22.98;997.006;65.17;7.334;111.6;28.12;;
13/01/2015 22:00;133;0;0;0;0;0;0.0115199;23.14;997.258;64.62;6.421;113.5;27.26;;
13/01/2015 23:00;134;0;0;0;0;0;0.0115293;23.52;997.131;60.54;5.192;112.4;26.59;;
14/01/2015 0:00;135;0;0;0;0;0;0.0115113;23.8;996.804;58.9;4.594;116.8;28.39;;
14/01/2015 1:00;136;0;0;0;0;0;0.0115297;23.79;996.493;59.62;4.959;117.7;28.98;;
14/01/2015 2:00;137;0;0;0;0;0;0.0115285;23.53;996.346;61.39;4.586;123.5;28.93;;
14/01/2015 3:00;138;0;0;0;0;0;0.0115449;23.86;995.623;56.8;4.054;123.2;30.55;;
14/01/2015 4:00;139;0;0;0;0;0;0.0115371;23.95;995.02;60.41;3.476;136.5;32.98;;
14/01/2015 5:00;140;0;0;0;0;0;0.0115496;23.74;994.785;62.29;3.891;132.2;33.84;;
14/01/2015 6:00;141;107.696;0;109.169;133.594;0.00281851;0.0241431;23.04;995.166;67.96;3.119;148.4;39.77;;
14/01/2015 7:00;142;786.846;260.519;316.447;337.294;0.601533;0.318348;22.75;995.564;64.78;2.169;146.2;47.81;;
14/01/2015 8:00;143;282.582;648.945;634.689;65.081;33.995;102.242;23.51;995.987;61.25;1.597;193.5;34.82;;
14/01/2015 9:00;144;509.791;807.238;751.115;734.267;969.938;203.423;25.52;996.138;54.21;1.682;217.8;29.01;;
14/01/2015 10:00;145;729.667;896.944;810.725;776.562;182.651;303.247;27.57;995.576;44.51;1.973;225.4;32.31;;
14/01/2015 11:00;146;893.051;934.57;891.219;838.388;266.812;381.712;29.69;995.341;43.11;1.699;224.1;34.04;;
14/01/2015 12:00;147;998.541;935.299;102.701;95.154;323.407;426.634;31.37;995.216;41.6;2.072;218.9;45.42;;
14/01/2015 13:00;148;1063.92;956.698;100.521;93.524;363.856;460.918;32.1;994.827;41.24;2.65;218.9;40.49;;
14/01/2015 14:00;149;1063.66;961.087;102.068;951.101;362.215;462.903;31.99;994.54;36.87;3.886;225.4;31.89;;
14/01/2015 15:00;150;991.22;951.815;982.123;914.468;320.092;431.108;32.96;993.916;38.05;3.744;230.7;33.56;;
14/01/2015 16:00;151;836.525;861.339;116.033;105.687;241.435;360.885;32.64;993.006;37.82;4.188;226.5;33.18;;
14/01/2015 17:00;152;674.053;706.114;187.465;166.106;157.757;28.062;32.28;992.572;37.26;4.065;226.6;36.17;;
14/01/2015 18:00;153;452.002;627.723;137.64;123.995;802.788;183.048;31.84;992.489;40.32;3.869;224.7;32;;
14/01/2015 19:00;154;188.958;241.022;122.255;107.021;241.937;0.799475;31.61;992.139;39.54;2.805;220.5;28.39;;
14/01/2015 20:00;155;284.182;938.101;272.782;250.968;0.281637;0.181324;29.7;992.421;56.61;1.509;237.3;29.53;;
14/01/2015 21:00;156;0;0;0;0.0174031;0;0.0138117;27.73;992.481;60.34;0.602;163.9;38.83;;
14/01/2015 22:00;157;0;0;0;0;0;0.0114236;26.76;992.507;63.13;0.843;112.4;35.47;;
14/01/2015 23:00;158;0;0;0;0;0;0.0113831;25.69;992.729;68.21;0.454;336.1;23.17;;
15/01/2015 1:00;159;0;0;0;0;0;0.0114117;23.74;992.059;75.11;0.471;335.4;10.9;;
15/01/2015 2:00;160;0;0;0;0;0;0.0114676;23.65;992.095;74.66;0.287;42.03;37.84;;
15/01/2015 3:00;161;0;0;0;0;0;0.0115129;23.5;992.292;69.83;0.985;343.5;18.42;;
15/01/2015 4:00;162;0;0;0;0;0;0.0114621;23.08;992.589;64.75;1.577;349.8;32;;
15/01/2015 5:00;163;0;0;0;0;0;0.011516;21.97;992.718;67.42;3.106;342.9;24.76;;
15/01/2015 6:00;164;117.751;0;115.872;106.802;0.00236021;0.0236851;20.96;993.118;72.01;2.967;353.6;33.04;;
15/01/2015 7:00;165;755.423;235.883;345.106;352.602;0.640087;0.335683;19.41;993.663;83;4.973;335.4;21.14;;
15/01/2015 8:00;166;292.892;675.792;633.887;62.323;382.704;114.933;21.18;993.94;66.16;3.512;343.6;28.85;;
15/01/2015 9:00;167;523.516;829.318;824.066;782.453;10.562;221.197;22.49;994.513;66.8;3.501;359.6;40.22;;
15/01/2015 10:00;168;601.55;477.64;274.978;237.147;154.347;260.407;23.01;994.701;65.63;3.68;3.871;36.83;;
15/01/2015 11:00;169;606.926;221.77;414.052;356.417;207.068;288.411;23.73;994.469;63.5;4.643;338.7;34.1;;
15/01/2015 12:00;170;834.609;469.055;390.01;325.899;313.905;402.144;23.87;994.623;60.5;6.089;327.8;28.39;;
15/01/2015 13:00;171;1118.3;912.661;202.827;179.907;403.394;503.433;24.66;994.458;56.04;5.988;332.8;30.54;;
15/01/2015 14:00;172;989.57;734.096;253.275;221.408;368.678;457.779;25.95;993.701;49.92;5.442;339.2;35.68;;
15/01/2015 15:00;173;750.31;339.039;428.581;371.406;272.793;356.325;24.85;993.67;58.37;5.096;312;30.48;;
15/01/2015 16:00;174;892.823;741.944;271.429;232.007;265.768;391.114;24.94;993.467;56.84;4.787;317.3;30.37;;
15/01/2015 17:00;175;715.886;753.354;204.065;178.897;173.268;301.931;24.81;993.269;60.47;4.866;305.7;27.79;;
15/01/2015 18:00;176;508.005;705.371;156.386;139.653;890.314;201.621;23.7;993.574;58.18;4.621;306.6;28;;
15/01/2015 19:00;177;246.014;548.485;78.437;740.667;294.706;0.960328;22.46;993.323;62.97;4.579;317.5;25.97;;
15/01/2015 20:00;178;463.431;114.235;314.402;30.698;0.203691;0.140973;21.26;994.225;64.23;4.642;305.1;26.06;;
15/01/2015 21:00;179;0.164125;0;0.172253;0.172931;0;0.0139136;20.37;994.621;63.44;3.861;322.4;26.83;;
15/01/2015 22:00;180;0;0;0;0;0;0.0116012;20.44;994.782;64.55;4.159;334;27.08;;
15/01/2015 23:00;181;0;0;0;0;0;0.0116121;20.09;994.224;69.6;4.142;347.8;35.76;;
16/01/2015 0:00;182;0;0.150641;0;0;0;0.0115254;19.25;993.94;81.3;3.844;1.328;39.56;;
16/01/2015 1:00;183;0.00419433;0.0942128;0;0;0;0.0115512;17.76;993.699;92.4;3.869;4.236;37.28;;
16/01/2015 2:00;184;0;0;0;0;0;0.0115559;17.2;993.001;93.8;4.443;356.9;36.95;;
16/01/2015 3:00;185;0.109852;0.0146664;0.0506448;0;0;0.0115309;17.63;992.302;93;5.214;358.3;37.71;;
16/01/2015 4:00;186;0.200731;0.286618;0.333367;0.653638;0;0.0115473;16.94;991.959;94.5;5.524;327.8;49.38;;
16/01/2015 5:00;187;0;0;0;0.0050318;0;0.0115514;15.41;993.488;96.2;1.931;258.6;27.36;;
16/01/2015 6:00;188;0.45174;0;0.465855;0.345701;0;0.0151053;14.95;994.286;97;1.421;239.6;33.88;;
16/01/2015 7:00;189;519.455;151.935;480.323;42.439;0.479033;0.266506;15.38;995.367;91.6;1.383;234.1;31.15;;
16/01/2015 8:00;190;271.899;326.434;156.745;134.475;34.285;106.921;17.03;996.464;69.46;1.219;241;29.41;;
16/01/2015 9:00;191;282.505;113.19;213.301;187.249;672.525;138.904;17.48;997.331;66.89;2.013;215.5;32.15;;
16/01/2015 10:00;192;522.713;376.585;266.958;231.951;133.197;23.387;18.85;997.736;55.51;2.742;225.8;37.73;;
16/01/2015 11:00;193;490.699;130.996;373.917;325.25;176.042;248.761;18.44;998.696;62.78;2.972;218.3;37.85;;
16/01/2015 12:00;194;612.652;263.854;358.5;315.561;229.493;299.801;19.66;998.96;61.25;3.898;238.5;35.92;;
16/01/2015 13:00;195;1001.01;524.13;469.228;401.501;368.111;466.927;19.17;999.261;49.68;5.143;217.7;32.58;;
16/01/2015 14:00;196;874.591;484.583;390.105;339.233;328.883;413.995;19.93;999.17;50.39;3.827;208.5;34.24;;
16/01/2015 15:00;197;693.362;391.925;315.891;281.734;257.454;334.316;19.84;999.353;55.51;4.078;214.1;34.01;;
16/01/2015 16:00;198;810.9;640.469;274.845;237.154;25.207;367.634;19.51;999.527;51.91;4.48;209.9;33.31;;
16/01/2015 17:00;199;625.977;670.799;177.508;153.291;163.912;28.132;19.72;999.692;45.16;3.791;209.2;34.44;;
16/01/2015 18:00;200;463.673;676.761;127.345;112.274;861.523;194.362;19.51;999.845;48.26;3.739;210.4;30.35;;
16/01/2015 19:00;201;233.151;432.205;988.633;89.509;292.695;0.966553;18.76;1000.26;55.32;3.97;210.8;28.67;;
16/01/2015 20:00;202;384.196;145.995;367.276;337.349;0.32823;0.209996;17.74;1001.09;63.26;3.53;212.6;24.12;;
16/01/2015 21:00;203;0.106855;0;0.112544;0.135577;0;0.0140183;16.96;1001.97;64.66;2.205;207.2;26.55;;
16/01/2015 22:00;204;0;0;0;0;0;0.0115248;16.7;1002.42;63.57;2.005;210.8;23.1;;
16/01/2015 23:00;205;0;0;0;0;0;0.0115585;16.32;1002.82;70.17;1.598;211.6;22.04;;
17/01/2015 0:00;206;0;0;0;0;0;0.0115405;15.03;1002.75;76.8;0.419;199.3;38.66;;
17/01/2015 1:00;207;0;0;0;0;0;0.0115292;13.76;1002.6;77.94;0.406;60.83;19.86;;
17/01/2015 2:00;208;0;0;0;0;0;0.0115141;13.09;1002.26;82;0.415;70.3;9.29;;
17/01/2015 3:00;209;0;0;0;0;0;0.011436;12.09;1001.88;82;0.265;65.8;9.23;;
17/01/2015 4:00;210;0;0;0;0;0;0.0114571;11.66;1001.43;82.8;0.5;67.55;11.91;;
17/01/2015 5:00;211;0;0;0;0;0;0.0114461;11.15;1001;85.6;0.697;65.64;16.43;;
17/01/2015 6:00;212;0.76554;0;0.736748;0.766495;0.00113505;0.0218624;11.14;1001.37;83.5;0.831;70.64;32.92;;
17/01/2015 7:00;213;78.154;288.71;265.396;283.401;0.589881;0.32263;11.78;1001.67;77.16;0.48;77.95;28.97;;
17/01/2015 8:00;214;304.71;735.751;510.509;519.625;361.992;112.044;16;1002.17;61.78;0.401;74.27;11;;
17/01/2015 9:00;215;527.014;860.666;643.805;609.257;991.182;214.565;19.47;1002.41;52.71;0.335;255.1;30.58;;
17/01/2015 10:00;216;739.069;943.241;68.499;652.308;186.135;316.438;20.67;1002.16;44.43;0.886;196.4;70.07;;
17/01/2015 11:00;217;912.461;985.418;715.982;678.568;273.703;399.689;21.89;1002.03;37.32;1.068;260.1;55.53;;
17/01/2015 12:00;218;1021.02;1010.77;735.623;699.339;343.777;460.003;23.71;1001.95;31.51;1.314;317.3;54.98;;
17/01/2015 13:00;219;1086.8;1003.22;84.418;808.107;37.869;486.952;23.82;1001.92;43.72;2.738;255.1;55.25;;
17/01/2015 14:00;220;1078.8;993.469;915.539;870.803;373.956;484.236;23.08;1001.64;46.87;3.426;226.5;35.02;;
17/01/2015 15:00;221;993.64;974.036;942.595;881.096;33.026;449.575;22.73;1001.65;43.86;3.6;231.9;32.38;;
17/01/2015 16:00;222;878.996;945.465;903.542;847.936;255.095;385.166;22.41;1001.18;47.35;3.99;228.5;34.51;;
17/01/2015 17:00;223;694.055;892.674;864.645;815.655;166.939;297.801;21.78;1000.7;55.43;4.663;220.2;33.34;;
17/01/2015 18:00;224;481.585;783.438;836.542;790.225;849.742;194.961;20.53;1000.58;60.29;5.582;219.8;32.17;;
17/01/2015 19:00;225;250.337;595.473;665.927;649.655;280.831;0.942696;19.9;1000.89;61.94;5.215;219.8;30.42;;
17/01/2015 20:00;226;542.532;191.454;269.316;277.691;0.351786;0.224444;19;1001.36;71.62;3.909;230.4;34.27;;
17/01/2015 21:00;227;0.0587206;0;0.0696608;0.102037;0;0.0139722;17.89;1001.66;74.92;2.704;233.2;33.72;;
17/01/2015 22:00;228;0;0;0;0;0;0.0116489;17.49;1002.2;77.13;1.547;218.4;27.56;;
17/01/2015 23:00;229;0;0;0;0;0;0.0115778;16.99;1002.27;80.8;0.564;197.8;35.6;;
18/01/2015 0:00;230;0;0;0;0;0;0.0115568;15.89;1002.12;85.3;0.572;86.1;13.14;;
18/01/2015 1:00;231;0;0;0;0;0;0.0115499;15.07;1001.82;86.6;1.432;89.4;18.67;;
18/01/2015 2:00;232;0;0;0;0;0;0.0115741;14.63;1001.52;87.9;0.875;75.79;13.35;;
18/01/2015 3:00;233;0;0;0;0;0;0.0116038;14.3;1001.12;89.1;0.724;78.58;12.12;;
18/01/2015 4:00;234;0;0;0;0;0;0.0115234;13.87;1000.52;90.3;0.386;84.6;18.42;;
18/01/2015 5:00;235;0;0;0;0;0;0.0115313;13.57;1000.48;91.3;0.498;74.93;26.44;;
18/01/2015 6:00;236;0.698752;0;0.694769;0.699724;0.000791094;0.0207997;13.38;1000.95;91.7;1.022;96.2;28.35;;
18/01/2015 7:00;237;637.273;191.596;303.315;298.629;0.572866;0.311633;13.83;1001.37;87.6;0.932;92.6;25.39;;
18/01/2015 8:00;238;298.447;705.062;540.648;54.338;367.805;112.024;16.91;1001.83;72.77;0.569;109.4;25.34;;
18/01/2015 9:00;239;528.941;856.7;630.656;617.941;104.306;218.802;19.43;1001.96;59.27;1.1;140.9;49.57;;
18/01/2015 10:00;240;723.953;931.389;654.236;647.178;197.363;320.933;21.72;1001.89;52.94;2.966;193.7;40.95;;
18/01/2015 11:00;241;890.723;977.988;674.188;67.73;295.327;408.896;23.46;1001.85;56.61;3.555;211.4;33.41;;
18/01/2015 12:00;242;1020.45;987.256;872.388;848.679;370.504;472.379;23.34;1001.87;60.07;4.933;224.8;32.15;;
18/01/2015 13:00;243;1083.09;969.005;106.645;100.457;402.321;500.169;21.78;1002.03;65.46;6.358;220.8;28.84;;
18/01/2015 14:00;244;1080.23;935.933;142.18;129.079;400.333;503.453;21.08;1001.94;66.16;6.904;220.1;30.91;;
18/01/2015 15:00;245;999.209;911.389;152.049;135.123;351.562;465.866;21.78;1001.64;65;6.473;218.7;30.59;;
18/01/2015 16:00;246;867.428;914.132;114.224;104.109;267.863;394.734;22.3;1001.27;60.2;5.697;226.8;32.54;;
18/01/2015 17:00;247;692.484;873.56;998.271;92.155;174.132;304.244;23.25;1000.97;58;4.69;216.5;32.34;;
18/01/2015 18:00;248;488.651;788.458;891.476;834.957;87.593;19.925;22.79;1000.78;54.69;4.02;208.7;32.46;;
18/01/2015 19:00;249;258.182;638.163;628.168;632.288;28.672;0.967105;22.08;1001.01;54.5;3.529;201;35.26;;
18/01/2015 20:00;250;537.936;210.541;23.282;252.657;0.356896;0.228557;20.79;1001.63;64.99;2.256;212.9;38.21;;
18/01/2015 21:00;251;0;0;0.000194005;0.0464308;0;0.0139378;18.91;1002.03;62.52;1.907;231;32.33;;
18/01/2015 22:00;252;0;0;0;0;0;0.0116129;18.55;1002.36;60.79;1.764;227;44.46;;
18/01/2015 23:00;253;0;0;0;0;0;0.0115934;18.81;1002.39;62.33;3.289;160.3;47.16;;
19/01/2015 0:00;254;0;0;0;0;0;0.0116246;18.73;1002.14;61.45;4.678;151.2;41.96;;
19/01/2015 1:00;255;0;0;0;0;0;0.0116137;18.81;1001.91;63.04;4.595;151.7;34.17;;
19/01/2015 2:00;256;0;0;0;0;0;0.011602;18.45;1001.34;61.94;4.54;156.7;36.74;;
19/01/2015 3:00;257;0;0;0;0;0;0.0116247;18.44;1000.67;61.35;5.519;143.7;33.14;;
19/01/2015 4:00;258;0;0;0;0;0;0.0115466;18.27;1000.17;58.28;5.848;142.9;31.69;;
19/01/2015 5:00;259;0;0;0;0;0;0.0115795;17.97;999.81;56.79;5.775;137.9;32;;
19/01/2015 6:00;260;0.676497;0;0.675281;0.661708;0.000744957;0.0200984;17.98;999.885;55.5;5.508;140.7;33.06;;
19/01/2015 7:00;261;769.507;296.241;251.951;281.393;0.569218;0.313204;18.35;1000.36;55.28;5.77;141.1;34.32;;
19/01/2015 8:00;262;305.21;758.744;502.057;543.462;36.195;111.647;19.13;1000.63;52.04;4.647;133.3;32.53;;
19/01/2015 9:00;263;540.964;892.288;62.329;631.634;100.558;215.256;20.43;1000.84;48.02;4.65;138.8;32.13;;
19/01/2015 10:00;264;743.635;959.9;674.931;669.169;188.227;316.149;22.02;1000.84;42.8;4.08;143.8;35.72;;
19/01/2015 11:00;265;930.361;1030.99;700.678;684.174;280.785;404.311;23.65;1000.96;38.58;3.241;156.7;45.39;;
19/01/2015 12:00;266;1053.45;1049.17;728.301;705.384;352.437;463.412;25.41;1000.76;36.09;3.513;130.5;33.43;;
19/01/2015 13:00;267;1114.52;1056.2;748.121;729.886;388.435;490.585;26.45;1000.26;34.21;3.937;134.6;32.94;;
19/01/2015 14:00;268;1111.05;1056.88;74.894;723.142;384.033;487.727;27.52;999.706;32.84;3.912;131.6;32.8;;
19/01/2015 15:00;269;1040.11;1048.05;734.109;707.339;339.814;454.655;28.32;999.095;31.63;4.164;126.8;29.89;;
19/01/2015 16:00;270;903.759;1019.84;72.011;689.127;263.171;390.721;28.85;998.403;31.85;4.332;127.1;33.87;;
19/01/2015 17:00;271;716.657;976.033;676.468;658.734;171.783;302.192;28.54;997.74;34.55;4.776;134.1;32.38;;
19/01/2015 18:00;272;497.099;897.979;602.814;608.538;869.969;198.707;27.36;997.356;39.14;5.653;132.7;30.21;;
19/01/2015 19:00;273;264.744;742.821;472.056;515.881;284.032;0.954924;25.66;997.399;41.97;6.326;125.5;29.2;;
19/01/2015 20:00;274;571.027;304.389;200.192;243.421;0.349092;0.223258;23.43;997.681;49.97;6.557;121.9;30.82;;
19/01/2015 21:00;275;0.0441252;0;0.047136;0.072988;0;0.0137878;21.49;998.063;51.2;7.318;118;28.72;;
19/01/2015 22:00;276;0;0;0;0;0;0.0116051;20.6;998.172;50.91;6.767;115.8;27.87;;
19/01/2015 23:00;277;0;0;0;0;0;0.0116418;20.64;998.162;52.23;6.014;118.5;29.24;;
20/01/2015 0:00;278;0;0;0;0;0;0.011566;20.94;997.919;49.26;3.958;137;39.19;;
20/01/2015 1:00;279;0;0;0;0;0;0.0116168;20.12;997.791;48.85;2.023;172;57.1;;
20/01/2015 2:00;280;0;0;0;0;0;0.011609;20.41;996.871;58.92;3.473;132.5;39.93;;
20/01/2015 3:00;281;0;0;0;0;0;0.0116043;17.57;996.443;62.79;1.416;200.7;39.14;;
20/01/2015 4:00;282;0;0;0;0;0;0.0115637;17.33;995.504;65.1;0.766;215;30.98;;
20/01/2015 5:00;283;0;0;0;0;0;0.0115342;16.05;995.258;73.78;0.516;225.4;42.59;;
20/01/2015 6:00;284;0.492499;0;0.484877;0.466226;0.000435533;0.0191165;14.31;995.187;74.73;0.236;58.98;22.7;;
20/01/2015 7:00;285;755.603;340.111;198.798;238.878;0.550137;0.30207;14.76;995.501;69.03;0.15;310.5;23;;
20/01/2015 8:00;286;300.984;822.48;384.437;426.726;36.315;109.995;19.84;995.841;48.9;0.066;331.4;16.81;;
20/01/2015 9:00;287;531.258;949.545;467.945;482.109;102.239;21.458;22.83;995.895;41.05;0.328;234.3;21.94;;
20/01/2015 10:00;288;749.385;1012.97;536.579;542.707;192.843;316.944;25.1;995.915;33.24;1.06;223.5;30.62;;
20/01/2015 11:00;289;928.125;1044.04;588.481;585.639;283.998;400.053;27.5;996.085;31.7;1.253;206.9;37.02;;
20/01/2015 12:00;290;1049.82;1060.28;606.049;594.622;355.083;456.518;30.23;995.612;26.11;0.995;197.1;35.88;;
20/01/2015 13:00;291;1109.79;1064.31;649.165;623.484;388.272;481.141;32.33;995.377;24.09;1.257;283.9;39.67;;
20/01/2015 14:00;292;1105.31;1055.76;720.705;698.889;383.894;479.504;32.05;994.973;28.63;3.187;246.1;45.45;;
20/01/2015 15:00;293;1029.73;1037.08;744.451;710.097;338.121;445.393;32.21;994.811;28.91;2.899;233.8;35.42;;
20/01/2015 16:00;294;899.372;1017.01;711.794;683.338;262.253;383.578;32.07;994.418;33.87;3.338;231.1;33.61;;
20/01/2015 17:00;295;711.817;971.815;665.879;646.422;170.896;296.322;31.23;993.898;34.6;3.343;232.6;34.94;;
20/01/2015 18:00;296;491.225;890.606;59.041;596.166;86.161;193.982;30.58;993.627;34.85;3.437;234.8;33.31;;
20/01/2015 19:00;297;254.897;714.159;466.821;508.591;279.468;0.924401;29.09;993.93;42.13;2.426;243.5;33.53;;
20/01/2015 20:00;298;512.425;262.211;190.904;232.922;0.332794;0.213371;26.02;994.581;54.23;1.351;220;26.69;;
20/01/2015 21:00;299;0;0;0;0;0;0.0134705;23.63;995.134;61.49;0.575;228.8;23.09;;
20/01/2015 22:00;300;0;0;0;0;0;0.0114887;20.6;995.892;74.74;1.426;317.9;31.03;;
20/01/2015 23:00;301;0;0;0;0;0;0.011541;18.69;996.227;79.98;1.427;325.8;20.71;;
21/01/2015 0:00;302;0;0;0;0;0;0.0115527;18.89;996.128;73.69;0.741;105.4;61.55;;
21/01/2015 1:00;303;0;0;0;0;0;0.0115223;19.03;996.088;78.86;0.732;260.6;36.18;;
21/01/2015 2:00;304;0;0;0;0;0;0.0115981;19.2;995.792;75.5;0.863;144.1;57.33;;
21/01/2015 3:00;305;0;0;0;0;0;0.0115551;17.04;995.813;84.4;0.694;341.5;37.68;;
21/01/2015 4:00;306;0;0;0;0;0;0.0115692;16.29;995.889;84.9;0.229;335;22.43;;
21/01/2015 5:00;307;0;0;0;0;0;0.0115606;16.37;995.847;81.2;0.345;99.4;49.4;;
21/01/2015 6:00;308;0.448922;0;0.437107;0.390332;0.000103136;0.0182232;16.35;996.2;84;0.065;277.9;19.39;;
21/01/2015 7:00;309;698.536;288.675;228.277;256.921;0.516944;0.290096;16.87;996.837;76.35;0.139;155.7;34.21;;
21/01/2015 8:00;310;290.859;764.312;472.439;505.384;345.812;107.412;20.14;997.512;66.62;0.433;318.1;21.93;;
21/01/2015 9:00;311;520.747;895.708;614.957;605.876;972.732;210.297;23.26;998.082;56.2;0.728;320.6;46.4;;
21/01/2015 10:00;312;743.889;986.091;660.524;656.812;187.588;316.973;25.25;998.114;43.59;2.788;137.5;80.2;;
21/01/2015 11:00;313;929.068;1035.05;66.935;664.364;278.272;402.038;27.29;998.004;39.36;3.631;135.3;35.39;;
21/01/2015 12:00;314;1038.45;964.896;138.806;117.765;345.996;455.793;29.88;997.602;33.91;2.52;157.5;46.16;;
21/01/2015 13:00;315;1090.79;1025.76;812.971;769.913;375.924;479.302;31.25;997.872;31.09;2.066;217.2;44.54;;
21/01/2015 14:00;316;1069.95;1008.49;814.985;755.559;364.207;469.873;32.84;997.828;30.29;1.607;214.2;53.1;;
21/01/2015 15:00;317;1007.94;1005.59;79.837;750.573;32.632;443.929;32.6;997.8;29.86;3.207;124.7;35.74;;
21/01/2015 16:00;318;870.512;974.616;750.337;694.161;25.215;379.729;33.93;997.623;28.42;2.23;120.9;40.59;;
21/01/2015 17:00;319;687.864;922.094;738.988;697.198;164.577;293.127;33;997.418;34.82;3.932;121.2;32.94;;
21/01/2015 18:00;320;475.606;835.326;681.674;661.929;842.714;19.367;30.71;997.221;42.55;5.796;126;29.87;;
21/01/2015 19:00;321;249.697;673.926;524.962;54.88;275.508;0.930402;28.07;997.537;49.19;6.667;113.7;27.24;;
21/01/2015 20:00;322;518.019;239.089;211.433;239.731;0.331353;0.215791;25.6;998.245;54.29;7.269;120.5;29.9;;
21/01/2015 21:00;323;0.0548919;0;0.057207;0.0816056;0;0.0134763;24.95;998.749;51.2;6.135;109.2;28.13;;
21/01/2015 22:00;324;0;0;0;0;0;0.0115082;24.93;999.269;50.04;4.408;112.4;29.37;;
21/01/2015 23:00;325;0;0;0;0;0;0.011516;24.53;999.604;53.81;2.808;107.7;32.07;;
22/01/2015 1:00;326;0;0;0;0;0;0.0115657;20.45;999.98;71.7;0.327;75.76;30.36;;
22/01/2015 2:00;327;0;0;0;0;0;0.0115754;19.08;999.802;74.23;0.477;72.26;23.24;;
22/01/2015 3:00;328;0;0;0;0;0;0.0115598;18.6;999.59;80.1;0.077;336.4;7.876;;
22/01/2015 4:00;329;0;0;0;0;0.000160403;0.0115942;17.44;999.316;80;0.173;17.34;19.36;;
22/01/2015 5:00;330;0;0;0;0;0;0.0115895;17.05;999.256;86.8;0.403;333.8;12.5;;
22/01/2015 6:00;331;0.372716;0;0.329307;0.315289;0;0.0173146;16.32;999.767;85.5;0.107;55.11;8.1;;
22/01/2015 7:00;332;637.502;261.965;219.509;246.925;0.476887;0.276407;17.1;1000.24;79.04;0.003;36.69;0.52;;
22/01/2015 8:00;333;275.476;718.999;48.39;503.383;319.607;101.945;21.54;1000.87;62.84;0.041;315.2;7.814;;
22/01/2015 9:00;334;505.649;865.982;629.391;609.181;916.112;202.875;24.09;1001.4;51.81;1.072;309.8;20.36;;
22/01/2015 10:00;335;716.824;940.668;72.443;694.106;174.217;302.595;26.54;1001.77;46.76;1.832;223.1;31.69;;
22/01/2015 11:00;336;893.938;977.669;812.747;765.328;261.086;387.737;28.03;1001.75;43.55;2.063;233;34.14;;
22/01/2015 12:00;337;1010.83;987.021;905.986;840.825;323.531;440.458;29.88;1001.56;41.8;1.779;203.8;46.51;;
22/01/2015 13:00;338;1076.91;994.974;984.863;919.903;35.861;46.984;30.26;1001.34;43.24;3.318;218.3;30.99;;
22/01/2015 14:00;339;1065.31;984.959;100.529;936.294;343.834;456.378;30.19;1001.09;40.6;3.38;223.7;32.91;;
22/01/2015 15:00;340;988.193;963.241;100.717;939.954;296.468;416.413;30.51;1000.58;42.61;3.464;229.3;37.16;;
22/01/2015 16:00;341;838.695;892.712;112.615;104.647;201.802;324.036;30.65;1000.15;39.77;3.069;228.4;35.31;;
22/01/2015 17:00;342;659.946;838.309;104.297;982.126;126.752;242.152;31.01;999.562;39.38;3.325;230.2;32.95;;
22/01/2015 18:00;343;475.224;828.858;707.507;692.532;788.272;186.086;29.56;999.259;58.31;3.359;247.4;32.96;;
22/01/2015 19:00;344;235.008;610.966;593.697;588.844;257.222;0.883517;27.61;999.289;58.89;1.501;242.2;32.12;;
22/01/2015 20:00;345;449.118;185.555;224.075;239.419;0.301811;0.201497;26.8;999.399;63.87;0.808;265.8;24.71;;
22/01/2015 21:00;346;0;0;0;0;0;0.013183;24.79;999.621;71.91;1.226;293.6;36.86;;
22/01/2015 22:00;347;0;0;0;0;0;0.0114175;23.31;999.808;75.94;0.548;297;42.6;;
22/01/2015 23:00;348;0;0;0;0;0;0.0115309;21.34;1000.05;84;0.603;331.7;21.45;;
23/01/2015 0:00;349;0;0;0;0;0;0.0115152;20.61;999.813;86.4;0.855;331.3;16.9;;
23/01/2015 1:00;350;0;0;0;0;0;0.011534;19.6;999.396;88.1;1.555;318.6;38.88;;
23/01/2015 2:00;351;0;0;0;0;0;0.0115731;19.01;999.145;88.9;0.75;345.1;29.73;;
23/01/2015 3:00;352;0;0;0;0;0;0.0115379;18.62;998.666;89.4;1.067;337.5;41.67;;
23/01/2015 4:00;353;0;0;0;0;0;0.0115621;18.58;998.244;88.6;0.43;317.3;32.67;;
23/01/2015 5:00;354;0;0;0;0;0;0.0115817;18.42;997.919;88.7;0.641;56.1;63.27;;
23/01/2015 6:00;355;0.270834;0;0.270494;0.327655;0;0.0166573;18.35;997.746;88.5;0.331;330.7;24.69;;
23/01/2015 7:00;356;599.721;246.201;223.772;24.191;0.471103;0.272358;18.62;997.663;83.2;0.097;35.66;11.07;;
23/01/2015 8:00;357;271.046;712.684;491.026;497.411;323.741;102.047;22.54;997.832;66.32;0.058;231.1;24.97;;
23/01/2015 9:00;358;503.619;871.651;602.819;582.529;93.044;203.916;25.73;997.77;57.73;0.629;115.6;55.2;;
23/01/2015 10:00;359;709.475;927.857;749.579;715.663;172.425;296.033;27.32;997.718;54.36;1.497;216.6;30.53;;
23/01/2015 11:00;360;885.708;960.849;866.095;819.277;256.965;376.909;28.61;997.61;47.32;2.209;213.7;26.91;;
23/01/2015 12:00;361;1011.33;987.772;891.288;840.914;325.884;436.402;30.49;997.371;41.59;2.148;224.5;32.19;;
23/01/2015 13:00;362;1079.62;1007.06;876.904;822.769;368.991;472.595;31.64;996.948;39.97;2.666;240.2;34.95;;
23/01/2015 14:00;363;1080.32;1016.11;839.076;794.081;369.734;474.124;32.07;996.533;39.37;2.798;238.7;34.11;;
23/01/2015 15:00;364;1011.99;1009.12;810.325;770.458;330.482;444.583;32.03;995.926;40.38;3.431;240.5;33.14;;
23/01/2015 16:00;365;881.647;986.383;762.924;721.976;256.616;382.179;32.45;995.574;40.09;3.182;253.7;32.3;;
23/01/2015 17:00;366;696.805;939.039;715.905;685.265;166.805;29.437;32.34;995.183;45.64;3.058;254.3;32.93;;
23/01/2015 18:00;367;480.655;848.707;656.487;643.098;844.124;192.858;31.28;994.814;50.5;2.845;253;30.98;;
23/01/2015 19:00;368;241.522;667.376;532.586;549.938;273.313;0.914224;29.85;994.522;56.26;2.279;230.6;35.14;;
23/01/2015 20:00;369;47.824;234.723;19.219;22.213;0.319248;0.207364;27.37;994.378;66.76;1.781;190;42.56;;
23/01/2015 21:00;370;0;0;0;0.00721906;0;0.0131501;25.5;994.486;70.64;1.645;197.8;41.48;;
23/01/2015 22:00;371;0;0;0;0;0;0.011448;24.97;994.814;57.6;1.283;162.1;51.8;;
23/01/2015 23:00;372;0;0;0;0;0;0.0115035;24.92;994.804;72.34;1.459;151;42.01;;
24/01/2015 0:00;373;0;0;0;0;0;0.0114691;24.43;994.359;73.36;1.119;162.4;50.98;;
24/01/2015 1:00;374;0;0;0;0;0;0.0114976;22.36;993.7;82;0.707;235.4;39.83;;
24/01/2015 2:00;375;0;0;0;0;0;0.0115223;19.62;993.105;87.2;0.48;331;13.22;;
24/01/2015 3:00;376;0;0;0;0;0;0.011541;19.08;992.485;87.9;0.08;334.3;4.741;;
24/01/2015 4:00;377;0;0;0;0;0;0.0115778;18.98;992.139;88.1;0.067;63.4;5.834;;
24/01/2015 5:00;378;0;0;0;0;0;0.0115199;18.41;991.762;90.2;0.415;346.4;12.28;;
24/01/2015 6:00;379;0.247266;0;0.235954;0.25232;0;0.0159196;18.15;991.875;89.7;0.135;32.53;14.23;;
24/01/2015 7:00;380;532.002;190.993;245.185;250.163;0.436043;0.255992;18.65;992.259;85.5;0.253;350.6;14.41;;
24/01/2015 8:00;381;244.774;574.514;602.991;580.191;303.762;0.964717;20.57;992.852;78.52;1.634;329.8;19.18;;
24/01/2015 9:00;382;487.47;791.668;845.265;77.981;881.724;196.166;24.5;993.013;63.12;1.836;334.3;28.4;;
24/01/2015 10:00;383;704.709;892.379;931.907;855.296;172.889;299.626;27.59;992.779;52.03;3.409;332.3;26.37;;
24/01/2015 11:00;384;886.857;952.257;948.481;874.536;261.598;387.475;29.62;992.339;36.53;3.744;353.8;38.14;;
24/01/2015 12:00;385;1016.89;988.525;959.003;891.092;331.388;447.466;31.09;991.927;38.73;4.176;351.2;37.04;;
24/01/2015 13:00;386;1083.08;1005.67;935.869;838.294;371.426;47.877;32.88;991.435;23.81;3.873;341;39.42;;
24/01/2015 14:00;387;1098.8;1034.94;831.479;807.827;37.355;482.842;33.74;990.932;20.01;5.021;331.4;29.95;;
24/01/2015 15:00;388;1020.48;997.323;982.947;932.163;324.329;444.003;33.75;990.685;30.55;5.115;315;27.86;;
24/01/2015 16:00;389;895.926;966.322;104.964;998.937;254.895;386.073;31.14;991.119;43.98;4.971;319.8;26.71;;
24/01/2015 17:00;390;723.36;794.27;194.498;173.333;167.091;30.167;28.41;991.762;54.99;4.852;316.2;24.54;;
24/01/2015 18:00;391;484.82;803.794;92.184;868.955;833.019;19.298;26.2;992.615;62.93;4.166;330.3;32.66;;
24/01/2015 19:00;392;228.634;451.979;876.062;817.373;271.296;0.916727;24.04;993.658;74.5;2.655;333.5;31.74;;
24/01/2015 20:00;393;315.864;54.09;238.553;225.576;0.219398;0.14617;22.44;994.547;81;2.436;4.828;35.27;;
24/01/2015 21:00;394;0.0115799;0;0.0151295;0.00786587;0;0.0127375;21.56;995.289;80.1;1.925;2.846;36.92;;
24/01/2015 22:00;395;0;0;0;0;0;0.0115309;21.09;995.747;80.4;1.503;44.2;30.78;;
24/01/2015 23:00;396;0;0;0;0;0;0.0115723;20.68;996.152;82.5;1.397;53.06;24.93;;
25/01/2015 0:00;397;0;0;0;0;0;0.0115965;20.15;995.676;81.2;1.621;50.49;24.05;;
25/01/2015 1:00;398;0;0;0;0;0;0.0115238;20.21;995.033;80.2;1.331;23.46;29.92;;
25/01/2015 2:00;399;0;0;0;0;0;0.0115434;19.73;994.618;83.1;1.901;339.9;21.61;;
25/01/2015 3:00;400;0;0;0;0;0;0.0115574;19.16;994.456;84.9;0.784;76.97;25.96;;
25/01/2015 4:00;401;0;0;0;0;0;0.0115652;18.08;994.067;87.7;1.039;77.96;16.01;;
25/01/2015 5:00;402;0;0;0;0;0;0.0115535;17.44;993.743;89.3;0.884;74.83;12.47;;
25/01/2015 6:00;403;0.12603;0;0.125933;0.136481;0;0.0152569;16.9;994.147;90.6;0.831;71.77;13.1;;
25/01/2015 7:00;404;383.005;0.267476;37.785;335.079;0.328745;0.205292;17.26;994.624;89;0.903;67.63;21.78;;
25/01/2015 8:00;405;161.15;272.561;149.265;130.957;228.651;0.718582;19.17;995.002;82.2;0.596;348.5;21.73;;
25/01/2015 9:00;406;303.764;323.614;283.97;246.525;63.807;13.908;20.61;995.513;75.6;1.267;342.1;29.52;;
25/01/2015 10:00;407;657.635;441.337;342.014;293.541;158.071;276.918;22.03;995.659;69.09;1.637;322.2;35.34;;
25/01/2015 11:00;408;899.365;961.016;102.482;955.063;270.754;398.849;23.58;995.828;61.12;1.742;336.4;41.46;;
25/01/2015 12:00;409;1010.96;996.997;843.254;791.939;343.259;456.791;25.49;995.709;51.53;1.951;334.5;39.91;;
25/01/2015 13:00;410;1071.49;1012.5;776.859;740.001;380.531;484.555;26.8;995.41;51.6;2.204;310.5;38.14;;
25/01/2015 14:00;411;1072.23;1017.45;746.496;718.667;377.421;483.591;27.27;994.822;45.57;2.631;308.1;34.02;;
25/01/2015 15:00;412;1001.69;1005.1;728.941;702.611;332.851;44.996;28.45;994.324;46.56;2.502;319.8;34.11;;
25/01/2015 16:00;413;871.158;981.986;685.533;659.538;256.871;385.764;28.7;993.966;47.44;2.265;293.4;33.73;;
25/01/2015 17:00;414;686.092;936.7;626.222;613.181;165.512;294.849;28.83;993.806;50.05;1.938;271;42.99;;
25/01/2015 18:00;415;466.313;837.364;589.072;597.591;823.361;190.423;26.63;993.701;55.89;3.404;221.4;32.18;;
25/01/2015 19:00;416;219.365;613.192;468.673;497.323;246.436;0.836139;25.25;993.957;60.67;2.457;234.8;34.1;;
25/01/2015 20:00;417;432.514;214.903;174.683;207.551;0.290815;0.195503;22.89;994.539;67.41;1.999;231.7;30.39;;
25/01/2015 21:00;418;0;0;0;0;0;0.0129;21.18;995.368;71.02;0.955;272.8;18.84;;
25/01/2015 22:00;419;0;0;0;0;0;0.0115613;20.29;995.986;75.25;0.903;252.7;18.99;;
25/01/2015 23:00;420;0;0;0;0;0;0.0115934;19.65;996.484;77.53;0.425;243.9;16.9;;
26/01/2015 0:00;421;0;0;0;0;0;0.0115738;18.99;996.787;80.4;0.509;284.4;63.45;;
26/01/2015 1:00;422;0;0;0;0;0;0.0115996;18.35;996.69;82.2;0.195;71.84;9.11;;
26/01/2015 2:00;423;0;0;0;0;0;0.0115738;18.51;996.548;82;0.183;100.3;8.37;;
26/01/2015 3:00;424;0;0;0;0;0;0.0116004;18.21;996.385;83.2;0.613;91.6;15.97;;
26/01/2015 4:00;425;0;0;0;0;0;0.0115903;18.17;996.538;85.2;0.377;70.98;14.08;;
26/01/2015 5:00;426;0;0;0;0;0;0.0115731;18.02;996.754;84.4;0.25;84.3;11.47;;
26/01/2015 6:00;427;0.0830877;0;0.0923637;0.0949426;0;0.0143981;18.27;996.69;83.9;0.711;84.7;18.03;;
26/01/2015 7:00;428;16.597;0;164.186;149.738;0.331999;0.199718;18.56;996.082;81.9;1.667;85.2;28.42;;
26/01/2015 8:00;429;111.665;377.481;100.413;892.984;161.154;0.540894;19.51;997.416;78.76;0.769;295.7;53.05;;
26/01/2015 9:00;430;293.377;171.374;211.812;187.357;573.236;129.441;21.62;997.992;75.72;0.417;239.4;31.78;;
26/01/2015 10:00;431;191.153;0.845408;189.379;172.336;697.104;114.139;21.43;998.463;75.07;0.633;235.3;31.43;;
26/01/2015 11:00;432;95.087;0.450368;944.493;857.526;402.863;0.600994;21.49;999.313;76.96;1.196;302.3;32.87;;
26/01/2015 12:00;433;907.825;0.075308;901.654;826.318;420.946;0.572477;20.46;999.01;82.7;2.179;227.2;42.97;;
26/01/2015 13:00;434;210.589;0.30898;209.31;191.332;974.479;123.389;21.13;999.296;76.02;0.963;198.6;31.49;;
26/01/2015 14:00;435;481.427;447.516;437.986;392.926;192.322;243.849;23.13;999.539;69.42;0.522;236.1;53.22;;
26/01/2015 15:00;436;244.106;241.744;242.259;221.25;100.285;132.159;23.44;999.131;65.14;1.37;218.7;31.74;;
26/01/2015 16:00;437;609.657;133.508;500.595;428.426;192.501;290.633;23.02;999.07;64.61;3.785;219.1;31.15;;
26/01/2015 17:00;438;309.904;475.287;274.681;244.187;9.018;157.413;21.8;999.402;65.9;4.412;218.3;29.84;;
26/01/2015 18:00;439;185.769;188.048;184.139;165.489;441.033;0.98793;20.88;999.424;63.03;4.585;218.6;27.23;;
26/01/2015 19:00;440;102.084;351.008;884.758;79.718;20.609;0.643727;20.46;999.683;65.33;4.584;215.3;26.68;;
26/01/2015 20:00;441;303.342;56.514;254.314;245.855;0.182401;0.128956;20.29;999.669;68.36;3.367;214.9;27.12;;
26/01/2015 21:00;442;0.239077;0;0.246627;0.223167;0;0.0123866;19.87;1000.09;73.8;2.305;233.6;28.13;;
26/01/2015 22:00;443;0;0;0;0;0;0.0115527;19.45;1000.51;74.31;1.031;227.2;32.43;;
26/01/2015 23:00;444;0;0;0;0;0;0.0115871;18.71;1000.91;77.91;0.217;95.9;14;;
27/01/2015 0:00;445;0;0;0;0;0;0.0115574;17.7;1000.76;82.6;0.221;46.39;20.63;;
27/01/2015 1:00;446;0;0;0;0;0;0.0115663;17.41;1000.75;83.6;0.404;76.35;36.87;;
27/01/2015 2:00;447;0;0;0;0;0;0.0115356;17.07;1000.63;86.2;0.292;58.33;25.02;;
27/01/2015 3:00;448;0;0;0;0;0;0.0115731;16.95;1000.23;87.5;0.402;339.2;40.62;;
27/01/2015 4:00;449;0;0;0;0;0;0.0115637;16.68;1000.02;87.8;0.89;297.8;60.2;;
27/01/2015 5:00;450;0;0;0;0;0;0.0115482;16.24;999.932;88.8;0.688;42.31;60.89;;
27/01/2015 6:00;451;0.151046;0;0.153343;0.137299;0;0.014697;16.16;1000.34;88;0.815;61;62.61;;
27/01/2015 7:00;452;494.826;188.79;187.914;202.393;0.411066;0.24912;16.17;1000.83;85.4;0.688;55.27;45.96;;
27/01/2015 8:00;453;263.98;739.039;421.293;454.756;314.556;101.696;18.96;1001.07;71.12;0.621;242.9;53.85;;
27/01/2015 9:00;454;495.18;886.636;557.635;574.133;936.284;207.537;21.46;1001.21;63.32;2.356;180.6;47.05;;
27/01/2015 10:00;455;715.942;960.966;653.307;654.789;180.658;312.192;22.9;1001.12;55.53;3.912;143.4;33.88;;
27/01/2015 11:00;456;894.204;1000.67;710.464;702.045;270.814;39.963;24.07;1001.03;54.59;3.624;129.7;31.57;;
27/01/2015 12:00;457;1017.55;1020.54;766.028;750.311;342.527;461.075;24.99;1000.97;52.77;3.743;110.4;31.9;;
27/01/2015 13:00;458;1080.72;1030.19;775.997;759.534;380.212;489.908;26.09;1000.48;48.67;3.156;113.1;36.2;;
27/01/2015 14:00;459;1080.45;1027.67;817.441;799.555;378.491;487.735;26.97;999.892;47.36;3.726;117.3;36.06;;
27/01/2015 15:00;460;1008.9;1007.02;871.764;831.948;334.618;452.824;27.19;999.343;42.68;4.604;123.4;32.1;;
27/01/2015 16:00;461;878.939;979.592;840.203;796.234;259.462;387.073;27.42;998.767;45.43;4.916;125.6;30.12;;
27/01/2015 17:00;462;693.756;921.448;833.908;788.884;16.614;29.473;26.5;998.384;47.96;5.802;126.4;29.29;;
27/01/2015 18:00;463;475.453;838.406;739.814;716.725;829.225;191.013;25.48;998.207;50.82;6.255;124.9;28.06;;
27/01/2015 19:00;464;201.98;484.369;546.146;537.808;255.126;0.853048;24.29;998.32;55.46;6.464;126;29.72;;
27/01/2015 20:00;465;284.391;70.849;220.129;213.573;0.253207;0.170411;22.82;998.824;58.51;6.402;125.2;28.87;;
27/01/2015 21:00;466;0.0934478;0;0.0997099;0.133219;0;0.0126945;22.13;999.252;59.54;6.501;124.4;28.96;;
27/01/2015 22:00;467;0;0;0;0;0;0.0115942;21.69;999.652;58.87;6.138;125.5;29.51;;
27/01/2015 23:00;468;0;0;0;0;0;0.0116129;21.3;999.649;61.09;5.767;128.1;31.13;;
28/01/2015 0:00;469;0;0;0;0;0;0.0115801;21.12;999.499;55.02;4.666;122.5;28.95;;
28/01/2015 1:00;470;0;0;0;0;0;0.0115828;21.07;999.255;59.05;4.665;130.5;31.88;;
28/01/2015 2:00;471;0;0;0;0;0;0.0115965;21.06;998.935;55.81;4.648;135.6;29.89;;
28/01/2015 3:00;472;0;0;0;0;0;0.0116082;21.01;998.541;56.95;2.765;157.1;37.62;;
28/01/2015 4:00;473;0;0;0;0;0;0.0116246;20.65;998.111;58.94;3.217;141.6;34.63;;
28/01/2015 5:00;474;0;0;0;0;0;0.0115637;17.8;997.834;73.61;1.008;213.4;34.06;;
28/01/2015 6:00;475;0.0479435;0;0.0525943;0.0892821;0;0.0142259;16.81;998.19;75.6;0.543;186.8;65.97;;
28/01/2015 7:00;476;45.264;156.868;195.792;201.774;0.37762;0.235483;16.17;998.365;76.64;0.351;16.67;22.92;;
28/01/2015 8:00;477;255.788;700.873;469.063;476.264;296.783;0.975195;19.8;998.409;65.72;0.328;297.8;20.88;;
28/01/2015 9:00;478;482.925;851.614;618.961;606.081;879.123;197.401;22;998.319;58.1;1.256;222.8;31.19;;
28/01/2015 10:00;479;698.554;929.296;70.985;678.052;172.996;299.895;24.27;998.124;48.43;1.493;222.6;31.08;;
28/01/2015 11:00;480;872.699;866.847;157.823;730.727;260.376;38.448;26.5;998.034;41.27;1.677;242.9;36.35;;
28/01/2015 12:00;481;991.75;0.853434;975.352;769.978;326.712;442.795;28.38;997.693;38.82;1.578;234.9;51.3;;
28/01/2015 13:00;482;1054.84;840.314;233.762;875.253;362.889;473.546;29.15;997.233;42.92;2.843;211.7;39.03;;
28/01/2015 14:00;483;1052.61;982.255;989.977;93.104;363.987;474.644;29.21;996.681;44.39;3.857;220.9;31.02;;
28/01/2015 15:00;484;989.435;976.185;974.572;913.356;326.326;444.135;29.73;995.941;41.93;4.069;226.8;32.93;;
28/01/2015 16:00;485;857.003;934.928;994.164;913.728;251.108;377.898;30.19;995.346;41.91;4.206;219.4;29.22;;
28/01/2015 17:00;486;668.968;857.497;101.069;917.996;160.373;284.768;30.55;994.807;41.54;4.146;231.3;31.44;;
28/01/2015 18:00;487;445.674;730.29;952.943;862.862;784.984;180.947;30.79;994.336;45.44;3.396;237.5;39.03;;
28/01/2015 19:00;488;222.675;558.722;657.083;628.554;249.644;0.853395;30.12;994.148;49.9;2.977;133.7;39.47;;
28/01/2015 20:00;489;427.081;163.198;227.119;236.454;0.268871;0.185222;27.55;994.573;56.21;4.232;115.4;30.63;;
28/01/2015 21:00;490;0;0;0.00271476;0.0195946;0;0.0124089;25.9;994.983;58.05;4.21;113.5;27.31;;
28/01/2015 22:00;491;0;0;0;0;0;0.0114152;25.37;995.388;60.1;3.419;116.2;27.92;;
28/01/2015 23:00;492;0;0;0;0;0;0.0114621;24.95;995.621;61.26;2.242;108.2;26.55;;
29/01/2015 1:00;493;0;0;0;0;0;0.0115063;22.69;995.122;74.44;0.583;212.8;19.61;;
29/01/2015 2:00;494;0;0;0;0;0;0.0115379;21.51;994.638;77.99;0.083;295.5;18.1;;
29/01/2015 3:00;495;0;0;0;0;0;0.0115512;19.94;994.062;83.1;0.421;329;13.08;;
29/01/2015 4:00;496;0;0;0;0;0;0.0115699;19.21;993.834;85.3;0.358;343;12.51;;
29/01/2015 5:00;497;0;0;0;0;0;0.0115465;18.85;993.605;86.7;0.068;7.448;11.97;;
29/01/2015 6:00;498;0.0667098;0;0.0671383;0.0589521;0;0.013794;18.27;993.506;88.6;0.878;341.1;14.29;;
29/01/2015 7:00;499;411.855;137.429;190.349;192.635;0.358042;0.225534;18.42;993.913;83.9;0.425;315.1;18.33;;
29/01/2015 8:00;500;246.394;670.773;48.3;481.274;286.731;0.944974;22.01;994.22;67.76;0.202;340.9;15.85;;
29/01/2015 9:00;501;470.301;828.057;630.898;58.502;856.584;193.211;26.07;994.394;53.19;0.241;293.9;13.3;;
29/01/2015 10:00;502;681.465;909.783;711.562;662.885;166.881;290.581;29.41;994.412;42.98;0.684;218.4;27;;
29/01/2015 11:00;503;858.61;950.151;820.103;762.294;252.186;373.812;31.2;994.121;38.79;1.37;220.9;33.51;;
29/01/2015 12:00;504;987.06;979.9;876.416;800.048;325.775;437.527;33.08;993.881;33;1.851;300.9;38.61;;
29/01/2015 13:00;505;1048.36;981.921;970.252;888.703;358.596;463.233;33.99;993.677;37.76;2.364;297.6;44.13;;
29/01/2015 14:00;506;1035.36;952.553;112.704;103.158;343.243;450.805;33.09;993.279;37.56;3.19;223.2;32.51;;
29/01/2015 15:00;507;971.221;946.418;107.575;984.166;305.812;422.166;33.32;993.09;37.39;3.031;224.7;38.92;;
29/01/2015 16:00;508;839.886;910.178;104.652;956.323;23.637;360.653;32.86;992.958;37.55;3.218;229.4;33.57;;
29/01/2015 17:00;509;659.237;855.134;951.324;871.996;15.506;278.091;32.63;992.987;38.71;2.46;237.4;33.6;;
29/01/2015 18:00;510;447.06;769.218;78.547;740.853;773.928;179.706;31.72;992.984;41.73;2.237;239.5;33.77;;
29/01/2015 19:00;511;225.032;597.319;55.762;564.661;247.102;0.846036;29.99;993.138;47.77;2.366;242;32.15;;
29/01/2015 20:00;512;39.386;177.643;191.598;213.717;0.261394;0.181222;27.24;993.654;52.98;1.869;234.8;31.93;;
29/01/2015 21:00;513;0;0;0;0;0;0.0123581;25.06;994.082;58.37;0.572;249.4;23.35;;
29/01/2015 22:00;514;0;0;0;0;0;0.0113972;23.83;994.58;65.42;0.144;78.36;7.903;;
29/01/2015 23:00;515;0;0;0;0;0;0.0114598;22.08;994.812;70.98;0.106;47.44;11.27;;
30/01/2015 0:00;516;0;0;0;0;0;0.0115551;21.04;994.8;73.22;0.123;47.24;7.375;;
30/01/2015 1:00;517;0;0;0;0;0;0.0115496;20.23;994.951;78.9;0.657;343.8;22.27;;
30/01/2015 2:00;518;0;0;0;0;0;0.0115527;19.41;994.887;90.2;1.831;335.2;20.62;;
30/01/2015 3:00;519;0;0;0;0;0;0.0115942;18.93;994.805;90.8;4.231;335.7;21.56;;
30/01/2015 4:00;520;0;0;0;0;0;0.0116137;19.06;994.709;92.3;3.828;338.1;21.22;;
30/01/2015 5:00;521;0;0;0;0;0;0.0116215;18.96;994.745;92.8;4.188;338.3;22.79;;
30/01/2015 6:00;522;0.0381484;0;0.0426891;0.0358615;0;0.0134634;18.96;995.233;92;3.106;346.3;27.94;;
30/01/2015 7:00;523;232.488;27.452;181.473;163.576;0.112408;0.101707;19.23;995.674;86.4;2.321;15.04;33.95;;
30/01/2015 8:00;524;876.193;208.044;829.653;747.522;11.487;0.391645;20;995.881;80.6;2.628;18.53;31.47;;
30/01/2015 9:00;525;182.806;0.720641;180.873;162.483;508.543;10.503;20.71;995.86;77.26;2.984;354.8;39.54;;
30/01/2015 10:00;526;407.985;234.913;240.854;201.73;132.057;216.858;21.75;995.522;68.14;4.218;345.6;31.22;;
30/01/2015 11:00;527;828.247;674.66;278.84;240.358;247.149;368.791;23.27;995.833;59.32;4.116;356.4;35.32;;
30/01/2015 12:00;528;853.987;638.209;262.253;223.647;301.897;402.421;24.5;995.81;52.12;3.364;0.027;40.98;;
30/01/2015 13:00;529;1027.98;848.25;203.189;176.428;361.282;467.486;26.36;995.53;54.92;3.806;338.1;38.67;;
30/01/2015 14:00;530;1021.2;835.971;209.127;182.119;356.362;463.088;26.35;995.283;55.98;4.009;311.5;31.26;;
30/01/2015 15:00;531;974.868;914.91;135.716;121.834;322.779;439.571;25.91;995.294;58.69;4.484;304.7;25.87;;
30/01/2015 16:00;532;843.343;882.687;125.523;112.148;24.846;374.541;25.34;995.06;57.02;4.052;307.6;27.04;;
30/01/2015 17:00;533;669.435;843.813;109.968;994.538;160.232;287.942;24.61;995.174;60.56;3.852;303;29.4;;
30/01/2015 18:00;534;460.132;789.446;814.786;765.347;791.168;186.322;23.79;995.134;60.48;3.633;311.2;26.01;;
30/01/2015 19:00;535;233.256;649.735;523.635;543.998;249.383;0.871858;22.76;995.374;63.24;3.193;319.6;27.48;;
30/01/2015 20:00;536;408.267;217.867;162.394;192.473;0.264456;0.184063;21.33;995.898;66.84;2.589;322.4;23.36;;
30/01/2015 21:00;537;0;0;0;0;0;0.0123756;19.65;997.037;73.05;1.882;322.7;22.86;;
30/01/2015 22:00;538;0;0;0;0;0;0.0115598;18.98;997.914;77.22;1.123;14.26;36.65;;
30/01/2015 23:00;539;0;0;0;0;0;0.0115754;18.33;998.388;76.14;1.242;51.89;21.18;;
31/01/2015 0:00;540;0;0;0;0;0;0.0116145;18.21;998.448;73.22;1.929;58.65;22.51;;
31/01/2015 1:00;541;0;0;0;0;0;0.0116171;18.89;998.358;70.37;2.057;44.66;25.55;;
31/01/2015 2:00;542;0;0;0;0;0;0.0115871;19.22;997.784;69.44;1.742;20.28;32.09;;
31/01/2015 3:00;543;0;0;0;0;0;0.0115949;18.83;997.621;74.16;2.505;18.03;31.64;;
31/01/2015 4:00;544;0;0.222979;0;0;0;0.011541;17.31;997.892;91.5;3.429;348.7;35.93;;
31/01/2015 5:00;545;0;0;0;0;0;0.0115231;15.96;998.486;95.5;1.987;9.47;37.49;;
31/01/2015 6:00;546;0;0;0;0;0;0.0119036;16.08;998.698;95.8;0.947;29.15;29.22;;
31/01/2015 7:00;547;426.144;0;422.428;372.069;0.0167392;0.0454921;16.28;998.998;96.3;1.939;350.3;29.97;;
31/01/2015 8:00;548;113.708;192.131;111.949;100.362;164.021;0.559692;16.89;999.621;95.6;1.06;325.3;23.2;;
31/01/2015 9:00;549;245.77;121.229;237.572;211.314;537.255;124.386;17.93;1000.28;85.3;1.449;258.5;25.27;;
31/01/2015 10:00;550;520.219;194.041;382.909;330.713;133.963;248.144;19.86;1000.53;68.73;1.933;217.1;36.04;;
31/01/2015 11:00;551;313.783;233.874;293.052;262.32;105.694;164.128;19.76;1000.95;61.24;3.526;214;30.88;;
31/01/2015 12:00;552;587.587;236.251;362.182;316.054;219.538;302.242;20.28;1001.26;57.58;3.626;209.5;30.44;;
31/01/2015 13:00;553;1079.68;889.819;212.125;191.168;367.544;497.487;21.57;1001.14;50.66;3.823;212.5;35.81;;
31/01/2015 14:00;554;1084.47;978.538;132.668;123.224;372.038;496.634;22.01;1001.13;47.83;3.976;219.1;35.64;;
31/01/2015 15:00;555;909.514;650.915;309.216;272.353;30.226;420.464;21.95;1000.87;50.55;4.171;218.9;35.6;;
31/01/2015 16:00;556;796.594;610.808;301.096;262.817;236.649;361.554;21.77;1000.61;49.35;4.674;220;31.02;;
31/01/2015 17:00;557;618.317;520.937;270.232;235.795;154.345;275.438;21.22;1000.79;49.94;5.508;214.5;26.57;;
31/01/2015 18:00;558;395.584;392.521;202.704;177.691;756.761;172.212;20.59;1000.89;54.46;5.198;212.7;28.54;;
31/01/2015 19:00;559;189.426;171.731;141.522;126.605;225.345;0.774032;19.96;1001.15;56.02;4.939;211.6;26.03;;
31/01/2015 20:00;560;425.355;724.283;332.486;313.157;0.246803;0.173394;19.43;1001.38;58.79;4.387;215.4;26.35;;
31/01/2015 21:00;561;0.136415;0;0.126321;0.119323;0;0.0122537;18.59;1001.79;64.11;3.094;205.3;30.23;;
31/01/2015 22:00;562;0;0;0;0;0;0.0116129;17.99;1002.23;60.99;2.22;197.5;31.69;;
31/01/2015 23:00;563;0;0;0;0;0;0.0116177;17.98;1002.21;59.19;1.759;174.6;42.16                                                                                                                                                                                                                                                                                                                                                                                                                                                                                                                                                                                                                                                                                                                                                                                                                                                                                                                                                                                                                                                                                                                                                                                                                                                                                                                                                                                                                                                                                                                                                                                                                                                                                                                                                                                                                                                                                                                                                                                                                                                                                                                                                                                                                                                                                                                                                                                                                                                                                                                                                                                                                                                                                                                                                                                                                                                                                                                                                                                                                                                                                                                                                                                                                                                                                                                                                                                                                                                                                                                                                                                                                                                                                                                                                                                                                                                                                                                                                                                                                                                                                                                                                                                                                                                                                                                                                                                                                                                                                                                                                                                                                                                                                                                                                                                                                                                                                                                                                                                                                                                                                                                                                                                                                                                                                                                                                                                                                                                                                                                                                                                                                                                                                                                                                                                                                                                                                                                                                                                                                                                                                                                                                                                                                                                                                                                                                                                                                                                                                                                                                                                                                                                                                                                                                                                                                                                                                                                                                                                                                                                                                                                                                                                                                                                                                                                                                                                                                                                                                                                                                                                                                                                                                                                                                                                                                                                                                                                                                                                                                                                                                                                                                                                                                                                                                                                                                                                                                                                                                                                                                                                                                                                                                                                                                                                                                                                                                                                                                                                                                                                                                                                                                                                                                                                                                                                                                                                                                                                                                                                                                                                                                                                                                                                                                                                                                                                                                                                                                                                                                                                                                                                                                                                                                                                                                                                                                                                                                                                                                                                                                                                                                                                                                                                                                                                                                                                       ;;
