,0
0,27523.408
1,28883.896
2,31571.953
3,32842.38
4,34005.25
5,34634.285
6,35000.555
7,35345.93
8,35697.797
9,36208.066
10,36480.89
11,36588.195
12,34732.96
13,34466.75
14,34638.227
15,34606.86
16,34764.44
17,34821.28
18,35089.027
19,35562.59
20,36294.87
21,36353.26
22,36424.527
23,36229.67
24,36238.062
25,35995.426
26,35914.125
27,35485.54
28,34229.2
29,32709.979
30,30994.479
31,30648.455
32,28234.96
33,27474.23
34,26341.078
35,24771.207
36,23496.465
37,23100.797
38,22753.537
39,22411.29
40,22127.23
41,21955.94
42,21879.85
43,21873.691
44,21992.146
45,22225.51
46,22469.021
47,22863.908
48,25215.299
49,26431.4
50,29130.037
51,30731.344
52,32492.352
53,33203.613
54,33730.33
55,34465.3
56,34913.24
57,35180.125
58,35413.38
59,35372.082
60,35310.223
61,35133.957
62,34944.16
63,34776.207
64,34670.086
65,34857.746
66,34879.836
67,35571.15
68,36041.582
69,36273.203
70,36315.016
71,36299.41
72,36302.734
73,36241.484
74,36345.59
75,35824.406
76,35274.793
77,33576.47
78,30353.58
79,30231.455
80,27755.043
81,26695.688
82,24944.078
83,24253.273
84,23966.86
85,23761.193
86,23570.873
87,23407.293
88,23320.59
89,23320.832
90,23336.791
91,23446.652
92,23549.928
93,24240.896
94,27453.178
95,30947.924
96,35703.8
97,37119.98
98,38828.47
99,39792.63
100,39109.32
101,38732.418
102,38604.555
103,38666.19
104,38780.883
105,39017.258
106,38980.562
107,38993.992
108,39009.215
109,38980.844
110,38945.625
111,38946.258
112,39037.496
113,38967.766
114,38822.105
115,38827.664
116,39829.17
117,39604.375
118,38867.496
119,38846.293
120,38862.387
121,38909.99
122,38885.664
123,38458.184
124,37070.637
125,35056.977
126,31884.373
127,32180.738
128,29204.836
129,28396.752
130,27187.746
131,26155.72
132,25382.777
133,24961.766
134,24673.67
135,24497.215
136,24392.34
137,24357.549
138,24402.332
139,24602.162
140,25417.885
141,26641.523
142,31664.303
143,33404.32
144,35860.598
145,38724.867
146,38720.004
147,38730.574
148,38461.8
149,38339.035
150,38855.29
151,39411.426
152,39370.48
153,39001.844
154,38654.883
155,38545.6
156,38341.035
157,38239.645
158,38086.613
159,38048.863
160,38051.016
161,38153.203
162,38279.906
163,38599.38
164,38789.1
165,38917.938
166,38585.824
167,38558.332
168,38785.348
169,39125.613
170,39010.95
171,38558.945
172,34038.383
173,31081.145
174,29897.957
175,28628.213
176,27719.988
177,26906.586
178,25838.934
179,25014.98
180,24717.395
181,24471.188
182,23959.604
183,23455.658
184,23197.234
185,23477.555
186,24006.074
187,24264.365
188,24518.764
189,25243.467
190,29744.809
191,31795.86
192,34923.18
193,37065.883
194,37919.574
195,37871.29
196,38076.508
197,38167.137
198,38379.09
199,38681.93
200,38900.64
201,38959.71
202,37086.168
203,37160.297
204,38119.637
205,38123.668
206,38019.07
207,37883.156
208,37570.42
209,37552.254
210,38129.71
211,38429.113
212,38687.7
213,38688.227
214,38651.773
215,38681.53
216,38664.746
217,38756.676
218,38768.08
219,38496.836
220,37139.37
221,35172.637
222,32400.543
223,30685.926
224,28530.6
225,27451.77
226,26386.852
227,25628.262
228,24785.3
229,24412.459
230,24331.2
231,24402.117
232,24481.545
233,24560.283
234,24615.488
235,24868.074
236,25893.094
237,26541.596
238,29335.443
239,31393.164
240,34846.28
241,37436.18
242,38089.51
243,38072.457
244,38117.742
245,38412.035
246,38550.94
247,38618.734
248,38586.293
249,38558.77
250,38506.15
251,38497.473
252,38479.477
253,38375.9
254,38197.22
255,38057.754
256,38853.01
257,38487.434
258,38896.438
259,38759.848
260,38833.715
261,38852.84
262,38789.91
263,38721.066
264,39037.402
265,39306.76
266,38466.297
267,38026.867
268,36617.82
269,34402.92
270,31456.502
271,30407.637
272,28936.605
273,27796.03
274,26868.246
275,26216.422
276,25351.154
277,24777.137
278,24560.764
279,24389.41
280,24201.324
281,23984.285
282,23842.148
283,23894.508
284,26234.293
285,26555.895
286,29593.42
287,32563.682
288,35559.797
289,37528.535
290,38051.586
291,38068.957
292,38166.344
293,38127.594
294,38140.848
295,38202.793
296,38112.9
297,37959.79
298,37840.207
299,37659.973
300,37265.48
301,36633.023
302,36448.03
303,36232.844
304,35431.68
305,35106.31
306,36187.91
307,36423.133
308,37577.184
309,37465.973
310,37295.582
311,36814.684
312,36881.05
313,37554.844
314,37077.926
315,35537.055
316,33804.1
317,32638.115
318,31845.531
319,30731.346
320,28969.361
321,28273.479
322,27635.049
323,27034.398
324,26198.812
325,25223.34
326,24637.61
327,24287.355
328,24045.154
329,23855.445
330,23752.98
331,23749.348
332,23858.805
333,24384.549
334,26479.535
335,27176.398
336,29282.4
337,30968.941
338,33245.99
339,34975.598
340,35940.62
341,36580.617
342,37310.03
343,37637.09
344,37344.203
345,37024.582
346,36777.758
347,35963.117
348,33742.188
349,33232.93
350,32817.805
351,32658.54
352,32589.904
353,32528.31
354,33777.742
355,34789.23
356,36766.895
357,37185.426
358,37893.316
359,37855.195
360,37866.676
361,37849.15
362,37732.04
363,37200.58
364,34366.324
365,32128.963
366,30901.72
367,30590.104
368,27645.877
369,27080.393
370,26100.41
371,25145.08
372,24503.59
373,23898.479
374,23383.16
375,23129.857
376,23194.643
377,23445.0
378,23616.041
379,23868.807
380,24110.096
381,24417.049
382,24781.35
383,25323.432
384,26260.154
385,27682.053
386,29665.818
387,31951.645
388,34708.2
389,35678.668
390,35940.59
391,36798.887
392,37483.375
393,37820.086
394,37893.742
395,37882.5
396,37944.137
397,37971.438
398,37996.957
399,37869.098
400,38072.582
401,38122.81
402,38233.95
403,38519.324
404,38819.43
405,38854.168
406,38805.504
407,38660.043
408,38776.676
409,38966.44
410,38676.258
411,37306.613
412,36121.805
413,34480.72
414,31922.89
415,30657.482
416,28453.3
417,27725.502
418,26767.426
419,25253.812
420,24369.7
421,24220.57
422,24106.36
423,24086.996
424,24075.855
425,24122.934
426,24282.742
427,24327.168
428,24554.467
429,25248.607
430,28950.527
431,31560.793
432,37104.746
433,38194.26
434,40519.004
435,40593.88
436,40050.375
437,40066.543
438,39949.65
439,40039.99
440,39978.402
441,39777.37
442,39493.83
443,39302.117
444,39037.887
445,39138.24
446,39266.33
447,39382.344
448,39300.88
449,39487.418
450,39979.91
451,40299.383
452,40724.492
453,40723.516
454,40606.773
455,40528.36
456,40810.734
457,40783.484
458,40582.793
459,40214.1
460,38841.633
461,37231.41
462,33319.09
463,34198.426
464,28264.95
465,27357.713
466,26214.555
467,25674.822
468,25298.344
469,25137.297
470,25026.201
471,24919.738
472,24820.379
473,24764.854
474,24885.617
475,25165.293
476,25644.994
477,27299.824
478,29621.139
479,33141.76
480,36832.34
481,39083.12
482,40122.67
483,40176.84
484,40314.426
485,40312.914
486,40169.473
487,40019.684
488,39779.945
489,39631.55
490,39584.363
491,39494.56
492,39309.375
493,38861.65
494,38831.793
495,38053.668
496,39103.402
497,39489.605
498,40778.44
499,41545.332
500,41963.953
501,41860.137
502,41637.637
503,41273.688
504,41384.574
505,41632.22
506,41196.543
507,40086.582
508,38905.645
509,37669.855
510,36164.832
511,32928.477
512,29151.695
513,28456.791
514,27637.17
515,26783.645
516,26208.059
517,25913.332
518,25482.021
519,25058.77
520,24894.613
521,24766.21
522,24700.885
523,24815.143
524,25324.96
525,27221.324
526,31454.72
527,33767.31
528,38009.938
529,39853.773
530,40185.895
531,40201.938
532,39410.273
533,39569.746
534,39527.027
535,39861.473
536,40053.59
537,40109.676
538,40312.8
539,40219.965
540,39447.15
541,39007.133
542,38598.1
543,38316.562
544,38274.074
545,38627.496
546,39167.4
547,39745.105
548,40174.547
549,40004.03
550,40881.195
551,40773.992
552,40515.305
553,40271.707
554,39854.64
555,39347.113
556,37788.2
557,37079.508
558,33198.44
559,31160.686
560,31507.771
561,29585.582
562,28265.398
563,27073.082
564,25883.668
565,25316.457
566,24868.314
567,24652.516
568,24678.967
569,24635.246
570,24698.48
571,25013.316
572,25563.96
573,26731.543
574,28753.6
575,31213.566
576,38310.58
577,39296.293
578,38719.418
579,39088.043
580,39727.812
581,39773.094
582,39522.715
583,39365.633
584,38668.152
585,38267.74
586,38631.45
587,38134.473
588,38154.438
589,37880.53
590,37509.76
591,37632.586
592,37892.418
593,38331.074
594,40412.24
595,40460.33
596,40436.434
597,40248.03
598,40035.902
599,39758.418
600,39630.105
601,40398.617
602,39199.57
603,38752.062
604,35591.574
605,34007.926
606,31121.521
607,30174.434
608,32175.318
609,29946.139
610,27325.21
611,26619.58
612,25991.703
613,25586.45
614,25235.893
615,24948.904
616,24793.215
617,24538.5
618,24337.416
619,24224.107
620,24418.232
621,25472.78
622,28575.266
623,30833.705
624,36590.543
625,38556.84
626,38382.598
627,38749.71
628,39071.676
629,38921.91
630,38926.047
631,38945.418
632,38775.676
633,38689.086
634,38928.863
635,38896.266
636,38125.22
637,37663.17
638,36897.59
639,36290.242
640,35871.492
641,35986.203
642,36538.043
643,36772.957
644,37164.79
645,37757.01
646,39598.56
647,39678.105
648,38795.758
649,40090.883
650,37572.01
651,34634.383
652,34484.395
653,33629.51
654,31315.629
655,30191.844
656,28796.102
657,28184.252
658,27454.057
659,26755.451
660,26190.762
661,25630.795
662,25158.754
663,24625.844
664,24087.875
665,23608.043
666,23610.414
667,23907.998
668,24234.91
669,24592.416
670,25751.154
671,26785.287
672,28896.668
673,30824.033
674,33806.97
675,35012.86
676,35938.1
677,36490.934
678,37055.926
679,37622.656
680,37132.95
681,37113.938
682,35968.875
683,35556.805
684,34451.633
685,34420.504
686,34477.24
687,34420.844
688,35004.152
689,34267.59
690,35370.816
691,35349.137
692,36955.348
693,37082.99
694,37519.223
695,37256.258
696,37712.516
697,37891.668
698,37703.926
699,36459.863
700,34517.336
701,32431.6
702,30930.463
703,30426.031
704,30259.568
705,29124.848
706,27617.541
707,26282.012
708,25615.027
709,25272.768
710,24984.006
711,24694.422
712,24479.414
713,24357.791
714,24318.936
715,24356.258
716,24469.611
717,24679.412
718,25224.232
719,25803.094
720,27956.56
721,29332.258
722,32436.137
723,34558.355
724,35894.78
725,36409.582
726,37234.266
727,37550.24
728,37517.707
729,37447.305
730,37599.332
731,37774.477
732,37973.45
733,38111.074
734,38280.027
735,38288.625
736,38278.203
737,38244.684
738,38708.047
739,39002.336
740,39013.367
741,39048.52
742,39021.03
743,38999.69
744,39188.61
745,39218.21
746,38745.812
747,36715.68
748,35074.414
749,32751.486
750,30703.36
751,30281.082
752,29204.533
753,29309.893
754,28034.045
755,27231.338
756,26738.018
757,26449.793
758,26162.771
759,25926.754
760,25780.945
761,25721.945
762,25729.424
763,25789.78
764,25911.947
765,27085.896
766,29380.521
767,31231.295
768,34882.27
769,37455.605
770,38596.37
771,39694.297
772,40195.99
773,40672.73
774,39986.97
775,40195.793
776,40519.133
777,40180.625
778,40316.086
779,40174.414
780,39994.13
781,39884.23
782,39698.44
783,39347.24
784,39276.02
785,38851.414
786,38642.152
787,38487.195
788,38620.543
789,38693.0
790,38534.16
791,38381.855
792,37927.58
793,37498.547
794,36234.965
795,33601.23
796,32858.414
797,32373.791
798,32119.828
799,31610.941
800,25036.504
801,24512.9
802,24523.695
803,24241.498
804,23885.33
805,23493.295
806,23211.057
807,22993.662
808,22911.23
809,22954.459
810,23170.1
811,23370.41
812,23644.596
813,28626.285
814,30011.36
815,31613.977
816,34553.016
817,36950.945
818,36841.03
819,37622.375
820,40721.77
821,41075.9
822,40982.777
823,40799.715
824,40630.33
825,40555.383
826,40564.016
827,40419.254
828,39905.88
829,39608.805
830,39617.977
831,39708.367
832,39734.59
833,39767.156
834,39938.418
835,40314.3
836,40946.594
837,40999.57
838,40394.75
839,40130.082
840,40924.57
841,40520.35
842,39191.21
843,38686.105
844,33901.785
845,32139.025
846,30392.639
847,29094.88
848,28653.047
849,27797.064
850,26826.336
851,26090.979
852,25773.4
853,25584.766
854,25378.004
855,25150.236
856,24968.068
857,24884.402
858,24978.002
859,25158.336
860,25906.719
861,27374.38
862,30818.842
863,32455.031
864,39150.984
865,40151.664
866,40271.055
867,40137.812
868,40375.95
869,41393.27
870,40391.387
871,40504.566
872,41068.473
873,40799.137
874,40929.918
875,40663.387
876,38531.645
877,37750.918
878,37516.46
879,36913.707
880,37405.05
881,39152.457
882,41533.316
883,42017.76
884,42504.496
885,42544.293
886,42392.76
887,42413.77
888,43439.062
889,44036.77
890,41891.594
891,40236.62
892,36563.113
893,33622.76
894,31512.035
895,30918.807
896,29855.014
897,29145.887
898,28797.111
899,27289.605
900,26380.22
901,25880.084
902,25431.887
903,25118.977
904,24908.541
905,24879.717
906,24992.488
907,25419.803
908,26187.23
909,28079.602
910,29889.002
911,31765.406
912,36092.58
913,39127.773
914,40175.188
915,40487.63
916,40691.7
917,40283.055
918,40250.535
919,40004.25
920,39760.715
921,39427.188
922,39526.195
923,39197.4
924,38315.418
925,37287.504
926,37230.812
927,36618.332
928,37754.098
929,39181.285
930,40226.973
931,40784.53
932,41636.8
933,41702.145
934,42125.02
935,41823.03
936,43074.7
937,42374.242
938,40875.36
939,40154.688
940,37303.137
941,33935.39
942,31412.42
943,31013.295
944,30470.422
945,29927.479
946,28169.617
947,26640.393
948,25762.91
949,25347.932
950,25071.625
951,24763.584
952,24499.271
953,24279.6
954,24325.29
955,24729.258
956,25786.203
957,28052.629
958,30069.389
959,30974.512
960,38361.574
961,39086.305
962,38484.242
963,38497.168
964,38652.15
965,38718.477
966,38815.953
967,38909.812
968,39047.793
969,39133.695
970,39122.332
971,39147.168
972,39150.523
973,39130.234
974,38837.18
975,38628.44
976,38868.875
977,39109.836
978,39360.773
979,39887.242
980,40240.453
981,40394.594
982,40523.277
983,40330.07
984,40587.367
985,40433.742
986,39962.45
987,39044.348
988,36313.516
989,34010.992
990,33000.973
991,32144.076
992,30284.555
993,29384.598
994,27798.402
995,26749.14
996,25827.588
997,25516.234
998,24985.623
999,24375.553
1000,24124.959
1001,24060.924
1002,24145.555
1003,24223.443
1004,24290.24
1005,24372.6
1006,25987.822
1007,27411.639
1008,29119.014
1009,30338.525
1010,32336.682
1011,33970.89
1012,36058.383
1013,36651.766
1014,36549.56
1015,36503.707
1016,36950.043
1017,36756.95
1018,36274.008
1019,35402.484
1020,34872.484
1021,34640.85
1022,34634.75
1023,34630.047
1024,34564.492
1025,34327.574
1026,34287.75
1027,34631.926
1028,34882.973
1029,35344.008
1030,35949.74
1031,36367.805
1032,36529.305
1033,36257.74
1034,36205.14
1035,34606.508
1036,34032.293
1037,33116.67
1038,32246.877
1039,31269.668
1040,29667.697
1041,29588.346
1042,28153.346
1043,27003.11
1044,25574.666
1045,25001.12
1046,24100.615
1047,23565.244
1048,23304.299
1049,23071.564
1050,22884.46
1051,22748.084
1052,22796.236
1053,22993.504
1054,23421.889
1055,23963.469
1056,26581.93
1057,28068.1
1058,29278.219
1059,30913.352
1060,33290.91
1061,35026.188
1062,35998.418
1063,36372.938
1064,36522.14
1065,36712.88
1066,36754.414
1067,36560.324
1068,35922.617
1069,35592.605
1070,35486.99
1071,35300.09
1072,35343.914
1073,35468.637
1074,36365.152
1075,36664.094
1076,37070.152
1077,37119.027
1078,37067.77
1079,37087.023
1080,37376.805
1081,36901.93
1082,36449.902
1083,35721.758
1084,33965.297
1085,32260.33
1086,31853.896
1087,31563.256
1088,27785.883
1089,26991.188
1090,25864.229
1091,25095.178
1092,24446.73
1093,24150.463
1094,23823.59
1095,23560.096
1096,23377.982
1097,23273.652
1098,23177.545
1099,23162.152
1100,23178.68
1101,25041.705
1102,27698.67
1103,32399.332
1104,36767.758
1105,38570.117
1106,38912.01
1107,38954.625
1108,40202.57
1109,40718.984
1110,39716.793
1111,39827.465
1112,39891.04
1113,39897.812
1114,40081.664
1115,39848.613
1116,39710.656
1117,39456.49
1118,39793.43
1119,39759.965
1120,39315.273
1121,39560.7
1122,40164.047
1123,43044.113
1124,44342.133
1125,44574.77
1126,44209.36
1127,44241.645
1128,44243.098
1129,42634.992
1130,38564.273
1131,37381.887
1132,33232.285
1133,31038.926
1134,29944.762
1135,28302.299
1136,28252.781
1137,27568.178
1138,26338.348
1139,25690.117
1140,25411.164
1141,25310.898
1142,25109.719
1143,24846.75
1144,24565.814
1145,24334.904
1146,24056.732
1147,24220.229
1148,25278.367
1149,26251.193
1150,29868.59
1151,32218.84
1152,33690.73
1153,34015.45
1154,36760.95
1155,38762.348
1156,38756.992
1157,39073.836
1158,39622.094
1159,39755.543
1160,39820.312
1161,39674.312
1162,39504.457
1163,39284.258
1164,39049.562
1165,38861.984
1166,38697.11
1167,38614.15
1168,38519.09
1169,38494.75
1170,38572.594
1171,38940.074
1172,39039.88
1173,39195.383
1174,40576.76
1175,40858.816
1176,45281.312
1177,44926.555
1178,38774.812
1179,37466.66
1180,34985.188
1181,33259.324
1182,32457.049
1183,30244.285
1184,29838.357
1185,36575.766
1186,26081.611
1187,25476.8
1188,25081.94
1189,24910.264
1190,24772.79
1191,24561.918
1192,24344.799
1193,24251.771
1194,24237.031
1195,24265.508
1196,24394.605
1197,26424.145
1198,29352.176
1199,33091.27
1200,37375.074
1201,39125.543
1202,38560.477
1203,38421.664
1204,38414.605
1205,38502.82
1206,38683.797
1207,38604.406
1208,38446.008
1209,38013.324
1210,38037.984
1211,36730.324
1212,36950.047
1213,36563.375
1214,36982.023
1215,36242.312
1216,37914.312
1217,38924.625
1218,40426.184
1219,40627.527
1220,42047.242
1221,42203.19
1222,43317.06
1223,44761.965
1224,45066.125
1225,44887.957
1226,43340.74
1227,39937.137
1228,38784.574
1229,37844.824
1230,35228.824
1231,32597.725
1232,31382.066
1233,29791.398
1234,28361.041
1235,27594.959
1236,27166.377
1237,26658.451
1238,25988.273
1239,25368.562
1240,25004.656
1241,24907.51
1242,25152.701
1243,25679.984
1244,26510.055
1245,28421.164
1246,31430.025
1247,34117.785
1248,38375.145
1249,39219.43
1250,39079.43
1251,38946.895
1252,38933.215
1253,38945.258
1254,38903.906
1255,38908.81
1256,38873.457
1257,38822.605
1258,38759.91
1259,38716.74
1260,38719.684
1261,38729.766
1262,38889.996
1263,38977.703
1264,39173.81
1265,39139.31
1266,39177.19
1267,39414.457
1268,40478.113
1269,41492.46
1270,41295.688
1271,42178.727
1272,42789.105
1273,41817.324
1274,39534.293
1275,38039.465
1276,35770.51
1277,32766.521
1278,30642.496
1279,29060.428
1280,28354.998
1281,27780.715
1282,27429.062
1283,26941.951
1284,26347.453
1285,25934.451
1286,25399.658
1287,25226.633
1288,25003.945
1289,24881.428
1290,24812.67
1291,24765.06
1292,25353.068
1293,27016.832
1294,28763.28
1295,31892.062
1296,33402.492
1297,35359.6
1298,37503.688
1299,37688.754
1300,38053.82
1301,38244.54
1302,38381.68
1303,38688.504
1304,38752.48
1305,38718.9
1306,38721.57
1307,38603.645
1308,38561.47
1309,38460.543
1310,38396.31
1311,38284.383
1312,38017.555
1313,38134.78
1314,38513.36
1315,38888.004
1316,40361.168
1317,40644.074
1318,40333.35
1319,41322.527
1320,41442.02
1321,37166.83
1322,39738.152
1323,38833.22
1324,37126.395
1325,35313.79
1326,33978.438
1327,32368.652
1328,29388.742
1329,28956.455
1330,28475.025
1331,28055.127
1332,27480.412
1333,26973.252
1334,25780.547
1335,25115.59
1336,24591.475
1337,24279.781
1338,23994.959
1339,23959.863
1340,23974.432
1341,24170.453
1342,27022.611
1343,28480.748
1344,31399.365
1345,33698.27
1346,35175.316
1347,35516.727
1348,36129.07
1349,37185.78
1350,37704.688
1351,37936.777
1352,38089.082
1353,38132.348
1354,38114.96
1355,37828.797
1356,37190.496
1357,36763.79
1358,36322.51
1359,36246.08
1360,35919.562
1361,35860.27
1362,36112.82
1363,36714.95
1364,37974.297
1365,38550.535
1366,38700.973
1367,38984.6
1368,38411.125
1369,37775.98
1370,37001.33
1371,35629.223
1372,34591.395
1373,32830.047
1374,32336.518
1375,31951.36
1376,28204.85
1377,27585.768
1378,26671.146
1379,25562.256
1380,24730.168
1381,24312.055
1382,23917.428
1383,23523.684
1384,23304.217
1385,23142.762
1386,22953.443
1387,23004.3
1388,23069.35
1389,23119.295
1390,23564.184
1391,24257.352
1392,26311.59
1393,26983.926
1394,29701.014
1395,31156.926
1396,33325.79
1397,34551.793
1398,35051.57
1399,35544.87
1400,36174.445
1401,36400.37
1402,36479.516
1403,36420.656
1404,35559.953
1405,34579.67
1406,34115.34
1407,34068.97
1408,35600.035
1409,35868.836
1410,37076.887
1411,37825.312
1412,38750.117
1413,39049.273
1414,39024.01
1415,39889.492
1416,40383.684
1417,39637.71
1418,38404.64
1419,37541.53
1420,36820.75
1421,34999.47
1422,32731.406
1423,31052.367
1424,28779.375
1425,27635.213
1426,26756.58
1427,25976.127
1428,24742.309
1429,24368.326
1430,24122.068
1431,23925.535
1432,23800.271
1433,23747.092
1434,23750.283
1435,23865.043
1436,24032.771
1437,25068.125
1438,29549.758
1439,34362.74
1440,38164.094
1441,39935.1
1442,40482.77
1443,40889.246
1444,40752.285
1445,40807.8
1446,40840.805
1447,40869.25
1448,41177.723
1449,41154.074
1450,41007.02
1451,40958.83
1452,40748.25
1453,40587.37
1454,40475.145
1455,40356.105
1456,40356.215
1457,40683.79
1458,40800.83
1459,41800.695
1460,42466.71
1461,42572.96
1462,41347.656
1463,41113.402
1464,43543.082
1465,40267.402
1466,38387.047
1467,36859.465
1468,35959.094
1469,34923.887
1470,31153.832
1471,31997.764
1472,28580.512
1473,27782.81
1474,26594.334
1475,25734.3
1476,25117.33
1477,24897.508
1478,24749.023
1479,24559.234
1480,24367.467
1481,24274.914
1482,24314.922
1483,24611.006
1484,25207.754
1485,26286.654
1486,30490.209
1487,33660.062
1488,36448.65
1489,38154.36
1490,39995.586
1491,40353.895
1492,40338.06
1493,40245.156
1494,40256.723
1495,40233.785
1496,40461.43
1497,40669.086
1498,40444.95
1499,40041.51
1500,38909.45
1501,37835.492
1502,37655.85
1503,37171.48
1504,36996.066
1505,37179.0
1506,39811.69
1507,40066.9
1508,40120.312
1509,39907.52
1510,40421.84
1511,41920.793
1512,44760.24
1513,43124.47
1514,39401.53
1515,38530.42
1516,36581.71
1517,35508.555
1518,32162.537
1519,30547.34
1520,27743.021
1521,26870.154
1522,26086.395
1523,25322.062
1524,24688.744
1525,24381.36
1526,24038.684
1527,23782.268
1528,23735.941
1529,23901.951
1530,24241.713
1531,24468.844
1532,24931.293
1533,26011.826
1534,31596.45
1535,34175.34
1536,39074.195
1537,39801.316
1538,38975.777
1539,39093.168
1540,39101.992
1541,39453.336
1542,39751.855
1543,39914.914
1544,39533.543
1545,39262.582
1546,39190.695
1547,38969.68
1548,38938.6
1549,38811.297
1550,38776.332
1551,38712.09
1552,38844.62
1553,38984.67
1554,39582.754
1555,40544.176
1556,41526.664
1557,43490.14
1558,44971.24
1559,45437.344
1560,45763.617
1561,45140.324
1562,44413.58
1563,41950.465
1564,38921.53
1565,37378.344
1566,33022.027
1567,30919.06
1568,30241.426
1569,28771.896
1570,27686.873
1571,27136.621
1572,26248.443
1573,25324.37
1574,24847.25
1575,24597.715
1576,24458.96
1577,24371.34
1578,24358.268
1579,24533.133
1580,25932.947
1581,26654.246
1582,29710.045
1583,32412.822
1584,35728.008
1585,39185.484
1586,38461.035
1587,38746.86
1588,38885.367
1589,39023.676
1590,39495.117
1591,39236.06
1592,39631.43
1593,39344.707
1594,39019.367
1595,38818.508
1596,38625.832
1597,38487.836
1598,38454.33
1599,38444.113
1600,38442.438
1601,38453.414
1602,39427.254
1603,41505.242
1604,43657.707
1605,44099.734
1606,44079.14
1607,44277.12
1608,44772.418
1609,43574.21
1610,40762.613
1611,39820.664
1612,37043.35
1613,34374.062
1614,30380.041
1615,30211.145
1616,28722.299
1617,28024.305
1618,27731.062
1619,26852.646
1620,25737.553
1621,25447.887
1622,25131.564
1623,25043.164
1624,24765.904
1625,24406.168
1626,24340.475
1627,24588.32
1628,25193.312
1629,26509.314
1630,28531.969
1631,31025.584
1632,35307.035
1633,37636.086
1634,38191.543
1635,38272.113
1636,38306.855
1637,38520.97
1638,38664.387
1639,38817.35
1640,38976.547
1641,38943.145
1642,39003.492
1643,38897.418
1644,38868.375
1645,38763.934
1646,38632.484
1647,38463.61
1648,38382.88
1649,38588.883
1650,40613.84
1651,42030.68
1652,42718.633
1653,42842.41
1654,43171.996
1655,43289.305
1656,42503.723
1657,41388.594
1658,40241.734
1659,38644.062
1660,35495.02
1661,33711.836
1662,31575.406
1663,31186.443
1664,30035.992
1665,28770.85
1666,28112.904
1667,27890.863
1668,27563.266
1669,27086.105
1670,26417.771
1671,25839.482
1672,25395.758
1673,25078.123
1674,24991.488
1675,25015.32
1676,25603.46
1677,26429.64
1678,27841.771
1679,28600.629
1680,30027.268
1681,32069.467
1682,33944.617
1683,35474.234
1684,36543.164
1685,36856.992
1686,37282.77
1687,37653.645
1688,37837.71
1689,37696.844
1690,37426.832
1691,37257.652
1692,36969.375
1693,36538.883
1694,36261.72
1695,35868.336
1696,35565.41
1697,35818.902
1698,36500.285
1699,37885.3
1700,39359.777
1701,39333.42
1702,39741.12
1703,40325.4
1704,39451.895
1705,38576.008
1706,37252.527
1707,36156.445
1708,34937.547
1709,34267.2
1710,32339.662
1711,31672.34
1712,30055.441
1713,29468.484
1714,28658.688
1715,28179.781
1716,27769.18
1717,27450.617
1718,27032.355
1719,26382.416
1720,25812.703
1721,25496.14
1722,25169.996
1723,24839.91
1724,24626.217
1725,24561.46
1726,25161.205
1727,25597.943
1728,26588.176
1729,29016.293
1730,32895.69
1731,33961.406
1732,36295.777
1733,36657.875
1734,37162.19
1735,37352.68
1736,37566.605
1737,37869.73
1738,38145.73
1739,38579.254
1740,38117.71
1741,37660.2
1742,37623.754
1743,37205.668
1744,37283.992
1745,37629.207
1746,38715.668
1747,39783.03
1748,40148.438
1749,40462.074
1750,41024.14
1751,42748.277
1752,41485.6
1753,39849.18
1754,38572.03
1755,37115.4
1756,34143.445
1757,32336.27
1758,31318.43
1759,32212.484
1760,28057.527
1761,27391.363
1762,26788.26
1763,26158.371
1764,25714.17
1765,25317.982
1766,24985.129
1767,24762.574
1768,24674.85
1769,24697.426
1770,24875.6
1771,25105.322
1772,25512.611
1773,27486.53
1774,34050.656
1775,37785.188
1776,39488.07
1777,40640.312
1778,42248.81
1779,42290.74
1780,43668.76
1781,44293.715
1782,44051.496
1783,43958.566
1784,44110.195
1785,43801.215
1786,43790.434
1787,42966.25
1788,41924.387
1789,41513.27
1790,41507.918
1791,41050.727
1792,40246.125
1793,40795.043
1794,42037.297
1795,43315.27
1796,45165.375
1797,45388.91
1798,45659.383
1799,45986.312
1800,45497.82
1801,44815.918
1802,42270.02
1803,39797.375
1804,38701.777
1805,37505.723
1806,31491.059
1807,30262.398
1808,29038.129
1809,28578.803
1810,27372.19
1811,27134.572
1812,26856.139
1813,26615.504
1814,26340.428
1815,26066.799
1816,25849.705
1817,25787.627
1818,25932.459
1819,26276.602
1820,26239.85
1821,27923.725
1822,31213.6
1823,33668.215
1824,35433.69
1825,36861.902
1826,39659.234
1827,40123.402
1828,40637.973
1829,40788.96
1830,40723.99
1831,40687.47
1832,40680.266
1833,41042.004
1834,41136.195
1835,41231.965
1836,41512.84
1837,41474.613
1838,41441.31
1839,41011.324
1840,40803.297
1841,41438.78
1842,42527.582
1843,43106.574
1844,43844.24
1845,43989.773
1846,45096.594
1847,45873.195
1848,45906.785
1849,45309.297
1850,42496.28
1851,40299.04
1852,39454.6
1853,37726.88
1854,34757.17
1855,30422.18
1856,29883.967
1857,28975.959
1858,27820.836
1859,27177.959
1860,26908.355
1861,26596.41
1862,26264.594
1863,25930.25
1864,25586.988
1865,25340.338
1866,25217.809
1867,25204.357
1868,25571.537
1869,27057.842
1870,31544.432
1871,33539.258
1872,36530.547
1873,37556.96
1874,40232.83
1875,41607.793
1876,42716.6
1877,42139.715
1878,40525.84
1879,39638.004
1880,39458.785
1881,39414.258
1882,39601.07
1883,40123.99
1884,39855.35
1885,39723.797
1886,39637.625
1887,39558.316
1888,39334.082
1889,39345.113
1890,39499.758
1891,39768.6
1892,43167.895
1893,43722.816
1894,44510.9
1895,45674.332
1896,45497.63
1897,44809.82
1898,43975.97
1899,42581.387
1900,39985.543
1901,37717.195
1902,35586.2
1903,31333.951
1904,30980.646
1905,29706.318
1906,28124.18
1907,27411.344
1908,27248.658
1909,26985.549
1910,26682.664
1911,26475.701
1912,26228.541
1913,26097.602
1914,26033.682
1915,26289.22
1916,26064.309
1917,27983.25
1918,30233.684
1919,32837.957
1920,37195.434
1921,39271.33
1922,40527.684
1923,40876.312
1924,41339.03
1925,41887.004
1926,39375.098
1927,39051.06
1928,38941.42
1929,38965.87
1930,39006.92
1931,39043.48
1932,38815.156
1933,38536.695
1934,38615.383
1935,38550.934
1936,38683.73
1937,38814.38
1938,38927.91
1939,39898.53
1940,41941.27
1941,42733.062
1942,43785.3
1943,44186.59
1944,44272.72
1945,43652.066
1946,40688.2
1947,39638.516
1948,39375.52
1949,34671.637
1950,31883.377
1951,30287.53
1952,29434.697
1953,27716.584
1954,26987.166
1955,26884.107
1956,26733.39
1957,26761.64
1958,26802.918
1959,26641.033
1960,26117.035
1961,25648.555
1962,25248.719
1963,25596.969
1964,26583.982
1965,27514.22
1966,28915.297
1967,31470.672
1968,38765.582
1969,40357.395
1970,39968.38
1971,39648.152
1972,39202.027
1973,39067.746
1974,39075.797
1975,39003.086
1976,38922.58
1977,38862.4
1978,38800.28
1979,38804.707
1980,38656.75
1981,38635.35
1982,38687.203
1983,38769.305
1984,38851.516
1985,39102.777
1986,39665.016
1987,40822.637
1988,42204.45
1989,42627.6
1990,43481.555
1991,44193.965
1992,43720.867
1993,42965.332
1994,41332.02
1995,40098.504
1996,38462.645
1997,35783.44
1998,31368.057
1999,31547.033
2000,30676.475
2001,29851.828
2002,28170.39
2003,27769.346
2004,27518.13
2005,27279.822
2006,26896.559
2007,26302.426
2008,25660.05
2009,25516.049
2010,25511.777
2011,25539.172
2012,25795.65
2013,26613.576
2014,28109.154
2015,28818.432
2016,30538.883
2017,32022.883
2018,33771.117
2019,37752.473
2020,39200.86
2021,39865.586
2022,40181.44
2023,40299.9
2024,39896.562
2025,39187.22
2026,38644.383
2027,38251.004
2028,37719.543
2029,37213.824
2030,35839.86
2031,35513.8
2032,35353.633
2033,35443.94
2034,37941.914
2035,39851.492
2036,41230.656
2037,41780.645
2038,42850.883
2039,43736.31
2040,43573.73
2041,41013.45
2042,40457.125
2043,39964.082
2044,38483.523
2045,35979.176
2046,35495.625
2047,33259.324
2048,30689.025
2049,30231.799
2050,29434.229
2051,28920.498
2052,28649.166
2053,28182.188
2054,27710.656
2055,27143.135
2056,26540.31
2057,26257.605
2058,25972.346
2059,25668.38
2060,25495.123
2061,25266.209
2062,26331.658
2063,26847.5
2064,31782.793
2065,33240.59
2066,34251.56
2067,35785.504
2068,37309.203
2069,38027.137
2070,38640.85
2071,39290.03
2072,40432.76
2073,41076.88
2074,41289.312
2075,41456.875
2076,37105.203
2077,40167.023
2078,40435.746
2079,40445.117
2080,40651.0
2081,41097.72
2082,42025.016
2083,42583.586
2084,44876.355
2085,44320.13
2086,44055.516
2087,43954.375
2088,43420.11
2089,41886.34
2090,41275.754
2091,40800.555
2092,39940.2
2093,36084.234
2094,33551.74
2095,33267.08
2096,29310.13
2097,29604.852
2098,30039.44
2099,29429.668
2100,28526.111
2101,28382.664
2102,27972.7
2103,27336.643
2104,26749.21
2105,26158.775
2106,25866.322
2107,25874.525
2108,27177.283
2109,28745.807
2110,30275.518
2111,33663.21
2112,36730.453
2113,38431.645
2114,40538.67
2115,41498.25
2116,42655.9
2117,42590.62
2118,42456.066
2119,42778.117
2120,42994.87
2121,43083.355
2122,42912.27
2123,42571.715
2124,41407.23
2125,41110.29
2126,40650.473
2127,40473.05
2128,40222.85
2129,40462.26
2130,42693.992
2131,43195.527
2132,43169.69
2133,43372.39
2134,46258.44
2135,46221.11
2136,46226.973
2137,45911.004
2138,42082.79
2139,40122.07
2140,37939.85
2141,34022.617
2142,33226.152
2143,32093.123
2144,30829.678
2145,29539.092
2146,29681.414
2147,29402.521
2148,28884.684
2149,28586.086
2150,28307.072
2151,27799.92
2152,27375.807
2153,27006.578
2154,26755.865
2155,26692.238
2156,27344.607
2157,28630.29
2158,31566.492
2159,33155.316
2160,36386.195
2161,39760.023
2162,39793.62
2163,40321.99
2164,41132.402
2165,41358.203
2166,42019.24
2167,42285.88
2168,42522.434
2169,42483.062
2170,41792.99
2171,41492.86
2172,41350.227
2173,40992.77
2174,41422.562
2175,41484.707
2176,41409.973
2177,41848.586
2178,42987.42
2179,43639.68
2180,44114.375
2181,44987.086
2182,46048.066
2183,46204.04
2184,45951.69
2185,45524.42
2186,42515.926
2187,41596.06
2188,40491.746
2189,35729.71
2190,33447.81
2191,32398.934
2192,31308.941
2193,32131.416
2194,30271.762
2195,30070.035
2196,29745.445
2197,29281.574
2198,28787.277
2199,28222.275
2200,27582.172
2201,26980.182
2202,26597.09
2203,26653.705
2204,27439.102
2205,28261.994
2206,31425.898
2207,33282.72
2208,36685.406
2209,39438.68
2210,41656.55
2211,41811.777
2212,41910.754
2213,41993.496
2214,41986.46
2215,42073.73
2216,42145.734
2217,42145.164
2218,42054.56
2219,41961.2
2220,41871.266
2221,41747.465
2222,41670.03
2223,41653.715
2224,41686.01
2225,41743.516
2226,42308.016
2227,43818.703
2228,44123.188
2229,44631.84
2230,45924.207
2231,45943.86
2232,45849.58
2233,44981.734
2234,44344.562
2235,42716.1
2236,41449.863
2237,38727.453
2238,35309.227
2239,30534.838
2240,33105.957
2241,33115.87
2242,31435.586
2243,30904.715
2244,30845.982
2245,30300.729
2246,29486.72
2247,28830.086
2248,27919.04
2249,27194.035
2250,26875.84
2251,26946.293
2252,27202.24
2253,28173.732
2254,30427.979
2255,32939.285
2256,39579.4
2257,41611.766
2258,41618.695
2259,41000.94
2260,40849.145
2261,41228.094
2262,41369.12
2263,41310.76
2264,41267.23
2265,40995.55
2266,41153.06
2267,41213.45
2268,40746.055
2269,40157.25
2270,40397.953
2271,40483.902
2272,40655.47
2273,41081.055
2274,42110.684
2275,42753.645
2276,44503.047
2277,44734.06
2278,45259.07
2279,45357.457
2280,44459.266
2281,43682.78
2282,42217.273
2283,40383.55
2284,40142.297
2285,38429.234
2286,36258.113
2287,32244.787
2288,31847.703
2289,31483.602
2290,30343.705
2291,29949.3
2292,30327.852
2293,29963.787
2294,29460.14
2295,29341.625
2296,29456.615
2297,29633.637
2298,29861.33
2299,30201.0
2300,30581.139
2301,31022.559
2302,31907.098
2303,33642.355
2304,37247.473
2305,40088.36
2306,41317.42
2307,41211.656
2308,41111.613
2309,41064.758
2310,41214.9
2311,41271.938
2312,40909.68
2313,40910.582
2314,40917.676
2315,40960.188
2316,41106.695
2317,41236.312
2318,41436.25
2319,41618.22
2320,41338.906
2321,41292.76
2322,41987.44
2323,42650.363
2324,43742.31
2325,44068.113
2326,44738.008
2327,44410.633
2328,43662.312
2329,42674.67
2330,39547.434
2331,39153.79
2332,38654.41
2333,34312.99
2334,33333.668
2335,32540.633
2336,32567.54
2337,32123.0
2338,29990.41
2339,29652.355
2340,29525.514
2341,29286.98
2342,28684.873
2343,28050.355
2344,27078.105
2345,26400.648
2346,26249.215
2347,26155.277
2348,26623.506
2349,27640.713
2350,30416.861
2351,30805.172
2352,31328.383
2353,32867.438
2354,34184.047
2355,36933.527
2356,38156.754
2357,39251.95
2358,40387.01
2359,40474.273
2360,40731.01
2361,41291.613
2362,41177.375
2363,40973.26
2364,40765.477
2365,40504.625
2366,40329.805
2367,40085.535
2368,39484.38
2369,39548.797
2370,39961.445
2371,40368.38
2372,40730.293
2373,41415.78
2374,42597.207
2375,41936.242
2376,40685.965
2377,39817.68
2378,39376.613
2379,38447.285
2380,34143.086
2381,32727.373
2382,32604.396
2383,32813.793
2384,32209.098
2385,31251.344
2386,30727.346
2387,30761.191
2388,28483.057
2389,27845.67
2390,27043.066
2391,26122.363
2392,25310.52
2393,24696.354
2394,24416.35
2395,24445.566
2396,24591.684
2397,25085.57
2398,26621.898
2399,27376.104
2400,30367.545
2401,31253.02
2402,32502.814
2403,32954.875
2404,34065.434
2405,34606.13
2406,34857.348
2407,35177.332
2408,35639.78
2409,35667.73
2410,35776.27
2411,35970.62
2412,36396.27
2413,36848.87
2414,36942.5
2415,36753.668
2416,36402.242
2417,36112.508
2418,36311.36
2419,38008.34
2420,42273.0
2421,42769.137
2422,42511.242
2423,42501.52
2424,41470.23
2425,40414.625
2426,39916.754
2427,39494.836
2428,33779.79
2429,32291.223
2430,32870.824
2431,32975.3
2432,30486.748
2433,29056.898
2434,28563.447
2435,28210.832
2436,27672.504
2437,27716.027
2438,27139.793
2439,26860.781
2440,26504.787
2441,26035.8
2442,25582.625
2443,25507.295
2444,26030.414
2445,28699.494
2446,35219.24
2447,36474.926
2448,39612.152
2449,41354.04
2450,42435.074
2451,42634.344
2452,43333.516
2453,43132.945
2454,43187.457
2455,43109.15
2456,42282.01
2457,42115.434
2458,42089.688
2459,41899.715
2460,41834.88
2461,41694.59
2462,41615.832
2463,41448.016
2464,42966.574
2465,43971.543
2466,46076.383
2467,47096.9
2468,48248.324
2469,48343.652
2470,48189.59
2471,47854.953
2472,46145.207
2473,44468.223
2474,43288.938
2475,41995.06
2476,40034.57
2477,38522.2
2478,35445.746
2479,32520.104
2480,31301.398
2481,30430.271
2482,30205.934
2483,29807.898
2484,29087.498
2485,28636.06
2486,28727.322
2487,28640.455
2488,28691.549
2489,28439.004
2490,27981.254
2491,27744.639
2492,27753.693
2493,27924.947
2494,31234.74
2495,33325.258
2496,34915.523
2497,37733.613
2498,40679.402
2499,41516.543
2500,42482.977
2501,42888.96
2502,42923.164
2503,42610.49
2504,42310.523
2505,42007.543
2506,42004.113
2507,41842.832
2508,41731.25
2509,41713.12
2510,41840.695
2511,41911.22
2512,41967.484
2513,42073.914
2514,44175.633
2515,45503.836
2516,47866.17
2517,48361.695
2518,47808.473
2519,47416.285
2520,46359.848
2521,45339.78
2522,42722.812
2523,41085.85
2524,39255.98
2525,36896.734
2526,36210.484
2527,32562.572
2528,30382.094
2529,29445.389
2530,29216.637
2531,29201.094
2532,28992.014
2533,28807.105
2534,28451.678
2535,27815.914
2536,26557.836
2537,25999.988
2538,25885.574
2539,25826.549
2540,25978.135
2541,27805.012
2542,30109.314
2543,31950.623
2544,33303.28
2545,35012.07
2546,37940.38
2547,40130.246
2548,40879.83
2549,41001.617
2550,41007.156
2551,40965.324
2552,40802.48
2553,40999.535
2554,41919.81
2555,41924.355
2556,42256.906
2557,42392.43
2558,42485.7
2559,42328.746
2560,42334.066
2561,42360.99
2562,41876.504
2563,42925.273
2564,46316.77
2565,46215.277
2566,45470.684
2567,45450.02
2568,45354.734
2569,44588.477
2570,43167.57
2571,41138.04
2572,39059.758
2573,36136.168
2574,31616.398
2575,30132.957
2576,29675.184
2577,29046.252
2578,28698.287
2579,28488.334
2580,28309.625
2581,28135.37
2582,27570.684
2583,27108.416
2584,26290.404
2585,25836.223
2586,25671.629
2587,25755.861
2588,26835.436
2589,28009.484
2590,30567.945
2591,33243.074
2592,36835.02
2593,38732.086
2594,42148.633
2595,42165.02
2596,41736.273
2597,41226.89
2598,41479.965
2599,41532.49
2600,41390.676
2601,41212.484
2602,35584.984
2603,35634.414
2604,41910.336
2605,42705.73
2606,43048.93
2607,43135.617
2608,43317.875
2609,43900.984
2610,45436.883
2611,46473.67
2612,46778.746
2613,47393.914
2614,46158.855
2615,45738.13
2616,43564.855
2617,41706.426
2618,41077.05
2619,40373.793
2620,38965.496
2621,35996.63
2622,34735.664
2623,31358.754
2624,31281.229
2625,30590.932
2626,30006.46
2627,29913.102
2628,29106.438
2629,28693.18
2630,28440.553
2631,28267.816
2632,28111.201
2633,27763.936
2634,27324.781
2635,27026.64
2636,27760.227
2637,28643.145
2638,34933.38
2639,37365.746
2640,37914.625
2641,38776.56
2642,39950.555
2643,39606.22
2644,39596.465
2645,40016.805
2646,40141.78
2647,40145.758
2648,40110.227
2649,40012.117
2650,40035.09
2651,40376.336
2652,40946.68
2653,40844.06
2654,41308.414
2655,41704.3
2656,42013.215
2657,42338.066
2658,42662.33
2659,43107.93
2660,44651.883
2661,44888.543
2662,44620.09
2663,44408.562
2664,44024.176
2665,43482.91
2666,42571.85
2667,41015.613
2668,39548.086
2669,38510.492
2670,36148.457
2671,34714.832
2672,31418.873
2673,31270.367
2674,30700.652
2675,30412.033
2676,29409.146
2677,28407.72
2678,27757.193
2679,27239.564
2680,26905.723
2681,26449.244
2682,25739.092
2683,25465.018
2684,25619.176
2685,28012.07
2686,29295.158
2687,29973.332
2688,30731.762
2689,32275.434
2690,35003.133
2691,37229.473
2692,38870.402
2693,39885.21
2694,39443.957
2695,39907.53
2696,40289.906
2697,40490.703
2698,40621.953
2699,40720.957
2700,40751.37
2701,40719.66
2702,40314.867
2703,40097.56
2704,40177.78
2705,40365.594
2706,41587.14
2707,43537.21
2708,43931.32
2709,43954.74
2710,43974.914
2711,43080.785
2712,41693.773
2713,40697.89
2714,40298.46
2715,39526.92
2716,38116.973
2717,36898.773
2718,35676.227
2719,33231.97
2720,30648.756
2721,30330.281
2722,30042.973
2723,29729.771
2724,29665.342
2725,29271.363
2726,28800.057
2727,28283.922
2728,27194.15
2729,26138.957
2730,25686.762
2731,25509.178
2732,25610.232
2733,26102.656
2734,27412.588
2735,28039.146
2736,29373.143
2737,30045.244
2738,30988.166
2739,33995.074
2740,35515.062
2741,36524.44
2742,36808.6
2743,37436.668
2744,39266.45
2745,40051.477
2746,40211.906
2747,40242.605
2748,39936.258
2749,39636.824
2750,39667.86
2751,39560.477
2752,39705.133
2753,40283.445
2754,42901.78
2755,44517.55
2756,44721.113
2757,44897.16
2758,44626.305
2759,44199.87
2760,43200.22
2761,41595.023
2762,40836.17
2763,40290.88
2764,38448.832
2765,36999.957
2766,34220.434
2767,32644.72
2768,29813.482
2769,29279.994
2770,29002.533
2771,29018.678
2772,28453.229
2773,28069.557
2774,27768.684
2775,27354.797
2776,26908.596
2777,26401.145
2778,26037.15
2779,25875.617
2780,27244.713
2781,28990.447
2782,33869.62
2783,35473.426
2784,40436.56
2785,40800.95
2786,42422.797
2787,42540.81
2788,43921.81
2789,44983.258
2790,44779.492
2791,44640.3
2792,42556.113
2793,43146.414
2794,43123.098
2795,43566.027
2796,43069.586
2797,42803.78
2798,42210.895
2799,42128.848
2800,43424.21
2801,44470.316
2802,46097.53
2803,47246.535
2804,48181.145
2805,48326.617
2806,48197.992
2807,47768.227
2808,46832.71
2809,45267.715
2810,44658.58
2811,44224.57
2812,42143.305
2813,39973.504
2814,37653.742
2815,36650.555
2816,31654.6
2817,30857.178
2818,30506.502
2819,30316.578
2820,29808.238
2821,29211.574
2822,28656.979
2823,28355.043
2824,28356.959
2825,28180.445
2826,28038.686
2827,28064.893
2828,27997.96
2829,28270.99
2830,29659.861
2831,32759.162
2832,34555.88
2833,37192.13
2834,39325.184
2835,39567.367
2836,41361.617
2837,42482.453
2838,42554.797
2839,42466.246
2840,42626.34
2841,42659.297
2842,42620.836
2843,42427.9
2844,42101.11
2845,41900.996
2846,41882.164
2847,41746.684
2848,41948.594
2849,42205.12
2850,45293.61
2851,46069.906
2852,47549.715
2853,47555.863
2854,47502.656
2855,47236.84
2856,46716.895
2857,45786.72
2858,45182.312
2859,43625.074
2860,41366.816
2861,39691.78
2862,37581.844
2863,36670.18
2864,31795.654
2865,30876.42
2866,30528.094
2867,30293.398
2868,29725.441
2869,29255.303
2870,28812.393
2871,34453.9
2872,27657.438
2873,27956.006
2874,28144.139
2875,28501.186
2876,29088.54
2877,30864.234
2878,32179.014
2879,33719.746
2880,39703.69
2881,41002.023
2882,42175.62
2883,42874.12
2884,43705.3
2885,43963.547
2886,43478.453
2887,43195.01
2888,38459.566
2889,43120.29
2890,43004.723
2891,42757.617
2892,42659.477
2893,42809.188
2894,43111.258
2895,43421.047
2896,44172.227
2897,45683.695
2898,47182.395
2899,48098.453
2900,48596.164
2901,48577.574
2902,48498.094
2903,48372.81
2904,48140.324
2905,47551.14
2906,46722.176
2907,45348.555
2908,43575.047
2909,40670.37
2910,38124.83
2911,37147.47
2912,32991.414
2913,32053.053
2914,31743.99
2915,31544.254
2916,30957.945
2917,30158.293
2918,29456.402
2919,28696.438
2920,28446.777
2921,28232.447
2922,28257.156
2923,28279.102
2924,28365.537
2925,28743.904
2926,31580.244
2927,34064.81
2928,41095.625
2929,42864.754
2930,43528.6
2931,43776.95
2932,44012.703
2933,44433.816
2934,44537.312
2935,44403.15
2936,44200.32
2937,44031.81
2938,44231.2
2939,44134.34
2940,44049.08
2941,43972.984
2942,43987.188
2943,43980.742
2944,44114.0
2945,44491.996
2946,47118.438
2947,47841.09
2948,48363.49
2949,48296.902
2950,48116.254
2951,47707.207
2952,47440.89
2953,46744.33
2954,45973.293
2955,44649.17
2956,43738.742
2957,41373.973
2958,39171.098
2959,37575.363
2960,32812.266
2961,32295.062
2962,31982.22
2963,31690.635
2964,31232.48
2965,30486.508
2966,29862.355
2967,29156.217
2968,28707.664
2969,28432.506
2970,28221.89
2971,28194.838
2972,28505.69
2973,29388.943
2974,30410.191
2975,33943.004
2976,35742.2
2977,38670.086
2978,43424.84
2979,44008.047
2980,44717.98
2981,44639.277
2982,44644.402
2983,44673.5
2984,44680.582
2985,44574.914
2986,44399.035
2987,44181.645
2988,43904.363
2989,43580.94
2990,43291.812
2991,42894.855
2992,42941.258
2993,43187.934
2994,44316.18
2995,45946.133
2996,46771.92
2997,46709.5
2998,46632.027
2999,46271.625
3000,46237.684
3001,45512.125
3002,44733.113
3003,43726.75
3004,43013.426
3005,41774.05
3006,39275.28
3007,37288.19
3008,33683.277
3009,32442.633
3010,31699.49
3011,31614.049
3012,30962.557
3013,30197.316
3014,29627.115
3015,28814.559
3016,28226.037
3017,27706.328
3018,27198.068
3019,26670.379
3020,27239.828
3021,28212.172
3022,30667.89
3023,31937.535
3024,32013.014
3025,33339.977
3026,40353.77
3027,41082.99
3028,41200.926
3029,41160.73
3030,41137.54
3031,41111.965
3032,40756.496
3033,40666.707
3034,40638.023
3035,40821.08
3036,40910.52
3037,40968.195
3038,40935.723
3039,40882.17
3040,40919.297
3041,41004.242
3042,41296.36
3043,42221.96
3044,42792.984
3045,42757.855
3046,42731.223
3047,42472.16
3048,42006.258
3049,41222.37
3050,40724.297
3051,40182.117
3052,39723.812
3053,39341.62
3054,37345.984
3055,35684.082
3056,32245.773
3057,31545.986
3058,30972.535
3059,30342.55
3060,29736.771
3061,28924.543
3062,28181.727
3063,27360.232
3064,26636.064
3065,25822.176
3066,25037.6
3067,24503.607
3068,24395.143
3069,24722.816
3070,25785.316
3071,26634.994
3072,26608.205
3073,28126.004
3074,31945.998
3075,34281.14
3076,35927.812
3077,38780.707
3078,40238.297
3079,39836.64
3080,40157.223
3081,40284.895
3082,40556.62
3083,40683.203
3084,40897.027
3085,41356.54
3086,41416.89
3087,41388.523
3088,41445.54
3089,40952.336
3090,40790.348
3091,41985.12
3092,43382.75
3093,44120.152
3094,44351.758
3095,44027.133
3096,42601.16
3097,41900.49
3098,41418.895
3099,40974.07
3100,39795.805
3101,37411.45
3102,35145.656
3103,35119.51
3104,30503.44
3105,29851.01
3106,29567.521
3107,29178.287
3108,28684.129
3109,28227.682
3110,28218.238
3111,28130.324
3112,28069.027
3113,27649.543
3114,27031.162
3115,26736.535
3116,27526.96
3117,28605.451
3118,32173.629
3119,34121.723
3120,42013.85
3121,43656.926
3122,45477.934
3123,45713.66
3124,46021.137
3125,46214.363
3126,46166.176
3127,46059.47
3128,45724.2
3129,45741.19
3130,45787.543
3131,45670.605
3132,45496.47
3133,45418.754
3134,45345.81
3135,45291.66
3136,45315.746
3137,45478.34
3138,47504.062
3139,48638.004
3140,48629.023
3141,48571.16
3142,48511.176
3143,48444.047
3144,48317.684
3145,47563.14
3146,46010.812
3147,45057.34
3148,43868.75
3149,40492.617
3150,35520.477
3151,36395.332
3152,30870.105
3153,30005.193
3154,30509.723
3155,30488.23
3156,30010.1
3157,28944.336
3158,28171.918
3159,27883.889
3160,28253.088
3161,28506.543
3162,28579.277
3163,28800.459
3164,28816.822
3165,29023.781
3166,33253.49
3167,34987.062
3168,42909.547
3169,43260.773
3170,43745.668
3171,44466.367
3172,45235.68
3173,45622.793
3174,45809.266
3175,45804.938
3176,45771.46
3177,45713.996
3178,45656.332
3179,45610.38
3180,45573.234
3181,45552.07
3182,45298.332
3183,45229.145
3184,44977.88
3185,45282.336
3186,46639.875
3187,47826.348
3188,48414.76
3189,48357.19
3190,48152.035
3191,47813.023
3192,47430.293
3193,46593.195
3194,45704.14
3195,44928.297
3196,43527.88
3197,39652.266
3198,38148.17
3199,37195.7
3200,31749.354
3201,30700.977
3202,30708.998
3203,30512.709
3204,30017.127
3205,29092.701
3206,27634.762
3207,26928.936
3208,27154.95
3209,27715.166
3210,28244.709
3211,28443.287
3212,28823.912
3213,30682.377
3214,33536.035
3215,35491.34
3216,42562.176
3217,42986.137
3218,43237.805
3219,43970.344
3220,44965.195
3221,45176.523
3222,45335.723
3223,45476.316
3224,45527.31
3225,45501.28
3226,45585.453
3227,45587.906
3228,45600.848
3229,45590.086
3230,45504.19
3231,45449.867
3232,45369.645
3233,45677.527
3234,47354.473
3235,48052.76
3236,47994.633
3237,47899.125
3238,47828.766
3239,47740.902
3240,47577.492
3241,47203.523
3242,46523.44
3243,44868.688
3244,43168.95
3245,40133.277
3246,37920.773
3247,36425.746
3248,33006.156
3249,33399.64
3250,32711.012
3251,32346.184
3252,31386.463
3253,30919.242
3254,30269.047
3255,29324.918
3256,28904.32
3257,28322.174
3258,28243.701
3259,28196.06
3260,28214.068
3261,28284.316
3262,32250.988
3263,35027.566
3264,39985.99
3265,42172.97
3266,42622.273
3267,43281.12
3268,43758.184
3269,44460.844
3270,44537.77
3271,44743.043
3272,44675.8
3273,44484.93
3274,44224.203
3275,43937.605
3276,43709.11
3277,43548.582
3278,43436.61
3279,43420.465
3280,43555.414
3281,44140.35
3282,45816.918
3283,47020.6
3284,47235.125
3285,47152.684
3286,47213.42
3287,46886.684
3288,47243.848
3289,46334.656
3290,44491.992
3291,43246.24
3292,41983.145
3293,39981.0
3294,38508.566
3295,36189.43
3296,33362.81
3297,33086.547
3298,32696.092
3299,32193.676
3300,31845.55
3301,31374.795
3302,30951.14
3303,29845.232
3304,29701.525
3305,29299.188
3306,29200.879
3307,28607.113
3308,28028.232
3309,28577.36
3310,32153.488
3311,34864.285
3312,41924.395
3313,42233.867
3314,41897.754
3315,41551.008
3316,41679.51
3317,42059.43
3318,42377.695
3319,42562.426
3320,42528.33
3321,42389.395
3322,42155.465
3323,41924.85
3324,41823.176
3325,41634.367
3326,41226.31
3327,40979.22
3328,40980.9
3329,41203.754
3330,43301.69
3331,45552.3
3332,46499.492
3333,45993.785
3334,46469.066
3335,45464.32
3336,44408.49
3337,43458.164
3338,41651.023
3339,40123.56
3340,39485.25
3341,38443.902
3342,36211.773
3343,36014.12
3344,32834.36
3345,33216.22
3346,32404.21
3347,31118.762
3348,30118.549
3349,29475.047
3350,28875.96
3351,28190.592
3352,27675.193
3353,27282.1
3354,27013.0
3355,26681.523
3356,26436.033
3357,26666.246
3358,29440.957
3359,31158.39
3360,31508.15
3361,31790.39
3362,36405.26
3363,40555.934
3364,40022.812
3365,40243.5
3366,40457.605
3367,40731.16
3368,40998.96
3369,41268.695
3370,41451.965
3371,41662.78
3372,41759.16
3373,41700.01
3374,41515.54
3375,41293.14
3376,41052.55
3377,41024.234
3378,41612.883
3379,42173.855
3380,42895.637
3381,42881.516
3382,42331.15
3383,42030.918
3384,41537.746
3385,40615.516
3386,40249.105
3387,39941.375
3388,39546.344
3389,38156.207
3390,35049.656
3391,35311.582
3392,31996.986
3393,31929.432
3394,31172.207
3395,30250.973
3396,29582.229
3397,28871.064
3398,27967.45
3399,27045.654
3400,26296.818
3401,25517.615
3402,24993.438
3403,24683.271
3404,24581.207
3405,24489.953
3406,24492.557
3407,24890.225
3408,25599.33
3409,27231.309
3410,31699.74
3411,35709.023
3412,37280.805
3413,38911.77
3414,39514.867
3415,39931.312
3416,40060.777
3417,40085.742
3418,40125.49
3419,40075.58
3420,39982.965
3421,39998.863
3422,40081.945
3423,40157.945
3424,40435.22
3425,40975.19
3426,42112.816
3427,43865.316
3428,44394.7
3429,44262.7
3430,42989.15
3431,42380.39
3432,41383.875
3433,40526.59
3434,39724.367
3435,39533.8
3436,36690.688
3437,34571.07
3438,35191.902
3439,35746.85
3440,31149.18
3441,30653.484
3442,29450.717
3443,28229.03
3444,28051.314
3445,28647.777
3446,28617.156
3447,27793.848
3448,27501.928
3449,27432.193
3450,27467.0
3451,27344.09
3452,27470.701
3453,27345.732
3454,31040.357
3455,33563.92
3456,37551.605
3457,40316.6
3458,41290.555
3459,41503.965
3460,41737.32
3461,42525.67
3462,43362.395
3463,43583.684
3464,43564.46
3465,43606.53
3466,43615.566
3467,43681.918
3468,43738.824
3469,43809.582
3470,44098.984
3471,44194.51
3472,44517.332
3473,44742.22
3474,46974.562
3475,47525.934
3476,47831.01
3477,47508.31
3478,47292.53
3479,46855.23
3480,44239.797
3481,44207.453
3482,44751.36
3483,43632.227
3484,42167.67
3485,40659.63
3486,35009.953
3487,35151.71
3488,33138.566
3489,31282.102
3490,31565.576
3491,31722.143
3492,31156.629
3493,30362.088
3494,29419.549
3495,27470.87
3496,27050.09
3497,27256.033
3498,27217.363
3499,26847.328
3500,27137.678
3501,29126.215
3502,33185.727
3503,34156.305
3504,38644.438
3505,37881.535
3506,37526.336
3507,37691.535
3508,38173.44
3509,39024.094
3510,39699.223
3511,40245.383
3512,40576.953
3513,40679.496
3514,40320.242
3515,40098.992
3516,39801.684
3517,39592.656
3518,39540.375
3519,39515.17
3520,39546.793
3521,38689.367
3522,38227.293
3523,38230.15
3524,38175.402
3525,38268.926
3526,38204.766
3527,38439.523
3528,38613.15
3529,38251.965
3530,37782.523
3531,38722.676
3532,40034.133
3533,37937.375
3534,35039.95
3535,36664.61
3536,30842.477
3537,32044.225
3538,31373.209
3539,30104.482
3540,29421.965
3541,29619.887
3542,28004.604
3543,27449.543
3544,28101.42
3545,28147.066
3546,27602.94
3547,27169.42
3548,27066.81
3549,27228.188
3550,31449.213
3551,34179.633
3552,39044.188
3553,40565.207
3554,40277.074
3555,41540.992
3556,42533.875
3557,43190.023
3558,43336.504
3559,44064.26
3560,44495.27
3561,44535.6
3562,44518.332
3563,44532.93
3564,44262.383
3565,44267.3
3566,44198.56
3567,44183.957
3568,44008.48
3569,43938.74
3570,45384.445
3571,46924.062
3572,47122.387
3573,47081.89
3574,47089.9
3575,46930.227
3576,47112.695
3577,46478.844
3578,44687.902
3579,42361.312
3580,40628.062
3581,39732.766
3582,35636.023
3583,36576.465
3584,31276.023
3585,31675.145
3586,31525.326
3587,30365.963
3588,29214.088
3589,28677.604
3590,28195.852
3591,27509.758
3592,27233.525
3593,26968.752
3594,27002.19
3595,26984.58
3596,26922.215
3597,27428.2
3598,33501.668
3599,36100.188
3600,41019.613
3601,41338.383
3602,40964.023
3603,41451.902
3604,41832.902
3605,42871.746
3606,43322.79
3607,43428.676
3608,43510.23
3609,43505.22
3610,43768.285
3611,43228.996
3612,43406.566
3613,43203.344
3614,44463.555
3615,44014.656
3616,43669.47
3617,44960.664
3618,47028.586
3619,47273.246
3620,47180.395
3621,46943.91
3622,46804.12
3623,46641.45
3624,46872.992
3625,46081.22
3626,45647.56
3627,43746.86
3628,41608.37
3629,39971.062
3630,37531.26
3631,34325.258
3632,32241.693
3633,31097.557
3634,31080.596
3635,31120.006
3636,30552.162
3637,29668.621
3638,29317.242
3639,28524.588
3640,27906.217
3641,27316.494
3642,26754.65
3643,26303.191
3644,26183.963
3645,27086.19
3646,31477.604
3647,34290.668
3648,36178.527
3649,38513.273
3650,38851.977
3651,39512.773
3652,40197.086
3653,40883.184
3654,40986.973
3655,40788.82
3656,41870.438
3657,41745.312
3658,41721.848
3659,41387.656
3660,41388.773
3661,41686.242
3662,41490.0
3663,41323.6
3664,35690.97
3665,35378.234
3666,35123.562
3667,34939.69
3668,34814.824
3669,34732.152
3670,34677.344
3671,34639.594
3672,34611.12
3673,34586.543
3674,34562.37
3675,34536.52
3676,34507.91
3677,34476.152
3678,34441.3
3679,34403.645
3680,29871.271
3681,29976.355
3682,30131.387
3683,30338.555
3684,30597.566
3685,30907.305
3686,31264.89
3687,31662.586
3688,32088.555
3689,32529.432
3690,32969.617
3691,33392.4
3692,33783.773
3693,34134.777
3694,34441.26
3695,34702.47
3696,34919.516
3697,35094.285
3698,35228.71
3699,35324.164
3700,35380.625
3701,35395.582
3702,35363.105
3703,35274.625
3704,35124.598
3705,34920.51
3706,34683.57
3707,34433.434
3708,34184.176
3709,33952.35
3710,33751.918
3711,33586.97
3712,33454.355
3713,33348.707
3714,33265.027
3715,33199.28
3716,33148.28
3717,33109.28
3718,33079.703
3719,33056.992
3720,33038.664
3721,33022.49
3722,33006.676
3723,32990.043
3724,32972.023
3725,32952.61
3726,32932.17
3727,32911.266
3728,30864.182
3729,31030.354
3730,31232.5
3731,31443.484
3732,31628.576
3733,31767.295
3734,31861.477
3735,31920.82
3736,31948.34
3737,31944.951
3738,31917.678
3739,31876.479
3740,31829.549
3741,31782.533
3742,31738.805
3743,31699.455
3744,31663.305
3745,31627.406
3746,31588.416
3747,31544.275
3748,31495.248
3749,31443.96
3750,31395.115
3751,31356.117
3752,31339.988
3753,31368.63
3754,31466.957
3755,31638.9
3756,31832.754
3757,31973.87
3758,32046.182
3759,32032.564
3760,31993.303
3761,31972.281
3762,31970.646
3763,31983.25
3764,32000.707
3765,32013.078
3766,32013.727
3767,32001.398
3768,31978.648
3769,31948.611
3770,31913.395
3771,31874.17
3772,36357.91
3773,32790.91
3774,32463.518
3775,31949.238
3776,29332.764
3777,28801.66
3778,28416.01
3779,28397.324
3780,28271.379
3781,28024.045
3782,27927.682
3783,27398.793
3784,27147.895
3785,27113.908
3786,27033.504
3787,27006.045
3788,27111.248
3789,27765.012
3790,30817.236
3791,35790.086
3792,41062.492
3793,41804.62
3794,43053.406
3795,43575.074
3796,44269.95
3797,44938.355
3798,45464.47
3799,45579.117
3800,45518.242
3801,45436.57
3802,44584.953
3803,43936.766
3804,45098.45
3805,45019.336
3806,44883.26
3807,44929.32
3808,46017.89
3809,47213.633
3810,48713.227
3811,48653.633
3812,48426.25
3813,48129.473
3814,47775.156
3815,47413.07
3816,47040.695
3817,46514.53
3818,45286.566
3819,43683.88
3820,43224.383
3821,39641.695
3822,35439.414
3823,36153.84
3824,32178.537
3825,31601.107
3826,31324.477
3827,31072.25
3828,30486.39
3829,29706.283
3830,28939.97
3831,28346.12
3832,28344.852
3833,28413.855
3834,28561.951
3835,28877.523
3836,29095.412
3837,29600.469
3838,32612.912
3839,34960.04
3840,42735.25
3841,43291.934
3842,43669.13
3843,44013.914
3844,44593.176
3845,44882.75
3846,44922.645
3847,45046.676
3848,44973.535
3849,44909.426
3850,44642.066
3851,44532.332
3852,44324.35
3853,44195.297
3854,44100.625
3855,44036.477
3856,43960.875
3857,44282.21
3858,47670.79
3859,37856.316
3860,48773.97
3861,48761.04
3862,48721.934
3863,48496.0
3864,48169.508
3865,47697.234
3866,47004.85
3867,45740.727
3868,43881.15
3869,40698.2
3870,38344.625
3871,35461.176
3872,32369.889
3873,31467.695
3874,31058.322
3875,30929.566
3876,30560.336
3877,29879.545
3878,29208.238
3879,28792.537
3880,28606.742
3881,28536.992
3882,28682.83
3883,29012.572
3884,29354.76
3885,30823.877
3886,34090.6
3887,36722.37
3888,42662.7
3889,43568.895
3890,43854.39
3891,44027.47
3892,44272.4
3893,44455.82
3894,44461.043
3895,44468.402
3896,44458.76
3897,44463.758
3898,44455.332
3899,44485.797
3900,44418.58
3901,44321.914
3902,44225.47
3903,44190.19
3904,44319.254
3905,45275.332
3906,47107.168
3907,47730.91
3908,48051.477
3909,48401.504
3910,48356.754
3911,47917.957
3912,47223.57
3913,46472.75
3914,45136.97
3915,43867.688
3916,41516.58
3917,39584.902
3918,36746.67
3919,36289.242
3920,32092.918
3921,31380.965
3922,31133.281
3923,30976.1
3924,30351.041
3925,29621.38
3926,29037.219
3927,28657.354
3928,28630.252
3929,28620.102
3930,28625.408
3931,28790.145
3932,29250.766
3933,29407.633
3934,33221.574
3935,35628.477
3936,42612.57
3937,43250.418
3938,43298.734
3939,43338.996
3940,43439.48
3941,43580.402
3942,43590.785
3943,43581.19
3944,43763.27
3945,43642.727
3946,43578.348
3947,43439.336
3948,43270.434
3949,43155.633
3950,43103.145
3951,43085.516
3952,43620.14
3953,44561.98
3954,46536.117
3955,47465.258
3956,47637.734
3957,47565.53
3958,47364.906
3959,47236.777
3960,46989.64
3961,46350.12
3962,45136.04
3963,44036.78
3964,42278.152
3965,40271.36
3966,38943.9
3967,36593.434
3968,32422.1
3969,31935.402
3970,31692.37
3971,31365.43
3972,31097.082
3973,30745.068
3974,30493.902
3975,29701.938
3976,29300.375
3977,29012.904
3978,28878.537
3979,28825.22
3980,29089.748
3981,29944.074
3982,33171.914
3983,35086.074
3984,42082.035
3985,42145.496
3986,41656.57
3987,41808.336
3988,42227.125
3989,42531.273
3990,42434.746
3991,42287.19
3992,42186.277
3993,41993.688
3994,41755.43
3995,41668.598
3996,41675.426
3997,41752.977
3998,41880.297
3999,42036.08
4000,42261.574
4001,42548.09
4002,43692.953
4003,45775.547
4004,46137.27
4005,46139.38
4006,45745.78
4007,45740.57
4008,45720.066
4009,44545.61
4010,43153.633
4011,42799.824
4012,42465.08
4013,41572.168
4014,39510.715
4015,39404.16
4016,33208.07
4017,33354.29
4018,33379.855
4019,33355.47
4020,33197.793
4021,31016.754
4022,30211.389
4023,29633.688
4024,29396.14
4025,29959.033
4026,29212.744
4027,28095.469
4028,27309.219
4029,27576.11
4030,30828.922
4031,31292.352
4032,33581.62
4033,33826.62
4034,35999.957
4035,38308.496
4036,38946.0
4037,39304.586
4038,39690.69
4039,39949.652
4040,40081.94
4041,40143.688
4042,40205.887
4043,40201.273
4044,40126.3
4045,40080.664
4046,40009.418
4047,39982.574
4048,39941.414
4049,40114.98
4050,41176.7
4051,41714.207
4052,42067.67
4053,42157.855
4054,42159.434
4055,42026.887
4056,41117.656
4057,40496.06
4058,40116.402
4059,39619.93
4060,39122.773
4061,39314.77
4062,38823.6
4063,35896.008
4064,33215.945
4065,32069.545
4066,31115.314
4067,30775.31
4068,30424.717
4069,29600.865
4070,29629.873
4071,28830.914
4072,27467.312
4073,26424.826
4074,25647.057
4075,24937.006
4076,24523.842
4077,24411.658
4078,25011.152
4079,27202.996
4080,30367.701
4081,32007.814
4082,31971.197
4083,34068.25
4084,37786.066
4085,38271.55
4086,38906.75
4087,39817.848
4088,40453.266
4089,40639.41
4090,40654.79
4091,40596.547
4092,40573.195
4093,40594.418
4094,40823.41
4095,41008.152
4096,41102.996
4097,40909.58
4098,40966.07
4099,42122.215
4100,42685.645
4101,42863.355
4102,42706.23
4103,42294.496
4104,41839.293
4105,41527.297
4106,40928.285
4107,40217.723
4108,39185.31
4109,39349.93
4110,35359.984
4111,33577.344
4112,31946.154
4113,31059.701
4114,30631.365
4115,29950.836
4116,29059.47
4117,28309.953
4118,27877.783
4119,27619.438
4120,27819.59
4121,28072.611
4122,28172.576
4123,28283.357
4124,28528.2
4125,30378.137
4126,33633.38
4127,37549.207
4128,42853.926
4129,43344.695
4130,43770.04
4131,44345.312
4132,44856.15
4133,45324.85
4134,45414.582
4135,45355.89
4136,45300.848
4137,45215.176
4138,45105.832
4139,44918.477
4140,44887.51
4141,44819.08
4142,45049.875
4143,45069.09
4144,45123.727
4145,45495.062
4146,48311.92
4147,48407.1
4148,48398.07
4149,48295.445
4150,48242.125
4151,48101.773
4152,47969.316
4153,47802.844
4154,47351.324
4155,45425.38
4156,44673.63
4157,43088.207
4158,38040.508
4159,35678.887
4160,32774.098
4161,31323.191
4162,31115.896
4163,30838.047
4164,29735.545
4165,28778.252
4166,27707.537
4167,26596.252
4168,26166.938
4169,25997.137
4170,26642.617
4171,27190.56
4172,27695.688
4173,28694.53
4174,30244.56
4175,33869.508
4176,40713.234
4177,42351.02
4178,42904.594
4179,43348.633
4180,44386.914
4181,44829.055
4182,44818.76
4183,44961.6
4184,44961.59
4185,44868.25
4186,44724.586
4187,44670.246
4188,44331.977
4189,44185.93
4190,44067.5
4191,44074.145
4192,45185.51
4193,45603.594
4194,46349.91
4195,47081.89
4196,46688.37
4197,46744.586
4198,47485.816
4199,47545.832
4200,48174.598
4201,48210.32
4202,46698.32
4203,45441.336
4204,44125.508
4205,40891.188
4206,38129.98
4207,36887.348
4208,31527.889
4209,30863.14
4210,30803.822
4211,30582.203
4212,30127.832
4213,29435.967
4214,28850.633
4215,28356.148
4216,28778.664
4217,28943.648
4218,29041.066
4219,28867.092
4220,29014.92
4221,29088.535
4222,32612.904
4223,34419.664
4224,42678.875
4225,43262.344
4226,43243.844
4227,43338.68
4228,43757.5
4229,44125.742
4230,44366.367
4231,44377.363
4232,44244.375
4233,44149.19
4234,44099.7
4235,43995.43
4236,43822.957
4237,43720.09
4238,43947.81
4239,43971.098
4240,44252.71
4241,44761.3
4242,47669.227
4243,48031.72
4244,47725.293
4245,47264.008
4246,47004.4
4247,47502.93
4248,47678.004
4249,47157.848
4250,45798.746
4251,44945.766
4252,42773.71
4253,39977.7
4254,38101.15
4255,36775.965
4256,32123.441
4257,31604.398
4258,31331.383
4259,31191.834
4260,30779.076
4261,29957.09
4262,29273.896
4263,28843.03
4264,28820.107
4265,28727.143
4266,28844.129
4267,28822.023
4268,28973.785
4269,29777.268
4270,33194.598
4271,35085.43
4272,37867.195
4273,42858.836
4274,43341.086
4275,43768.63
4276,44516.336
4277,44864.47
4278,44899.043
4279,44831.74
4280,44700.152
4281,44585.637
4282,44517.504
4283,44411.5
4284,44311.098
4285,44177.062
4286,44031.64
4287,43926.44
4288,44004.0
4289,44596.336
4290,45168.7
4291,45720.477
4292,47299.34
4293,47222.44
4294,47243.918
4295,46823.164
4296,46279.934
4297,45060.26
4298,44546.086
4299,42769.95
4300,40487.293
4301,38564.16
4302,36540.348
4303,35510.625
4304,31467.963
4305,30571.814
4306,29580.617
4307,29510.064
4308,29667.318
4309,29550.217
4310,29282.86
4311,28935.896
4312,28402.61
4313,27507.098
4314,26545.205
4315,26240.666
4316,28606.184
4317,28858.05
4318,30285.875
4319,32363.318
4320,36696.152
4321,41065.594
4322,42371.477
4323,42482.707
4324,42696.824
4325,43555.367
4326,44069.188
4327,43813.254
4328,43768.527
4329,43189.227
4330,42890.05
4331,42865.203
4332,43154.957
4333,43669.684
4334,44039.8
4335,44299.31
4336,44121.457
4337,44391.42
4338,46403.32
4339,46984.387
4340,47163.684
4341,47167.49
4342,47015.34
4343,46573.61
4344,44697.844
4345,43690.406
4346,42333.03
4347,40888.94
4348,38323.56
4349,35984.574
4350,34866.105
4351,33732.484
4352,31279.857
4353,30872.434
4354,30534.045
4355,30077.818
4356,29782.041
4357,29539.668
4358,29539.56
4359,29247.12
4360,28715.672
4361,28049.006
4362,27537.623
4363,27207.215
4364,27826.105
4365,28478.338
4366,29126.537
4367,29744.256
4368,31179.887
4369,33017.66
4370,35362.902
4371,37989.824
4372,42012.184
4373,41982.973
4374,41933.965
4375,42440.594
4376,42899.996
4377,43148.703
4378,43183.414
4379,43448.477
4380,43730.445
4381,43581.793
4382,42259.812
4383,41883.145
4384,41262.613
4385,41774.645
4386,44643.42
4387,44960.79
4388,45408.832
4389,45485.344
4390,44176.42
4391,43381.86
4392,42652.203
4393,41661.746
4394,40863.703
4395,38788.848
4396,35256.273
4397,32347.057
4398,32417.281
4399,32582.693
4400,30296.326
4401,29901.93
4402,29514.16
4403,29166.596
4404,28385.53
4405,27663.588
4406,27211.84
4407,26911.258
4408,26452.41
4409,25362.545
4410,24641.723
4411,24101.707
4412,24105.97
4413,24143.375
4414,24092.328
4415,24339.979
4416,25403.785
4417,27987.08
4418,30497.17
4419,31352.412
4420,35246.24
4421,35685.996
4422,36188.973
4423,36968.69
4424,37709.1
4425,39059.566
4426,40753.504
4427,41137.355
4428,41501.215
4429,41261.082
4430,41540.23
4431,41747.688
4432,42304.598
4433,36740.13
4434,45864.023
4435,45873.03
4436,44494.44
4437,45761.145
4438,46148.77
4439,46213.59
4440,45678.75
4441,43836.434
4442,41611.5
4443,42128.285
4444,40238.57
4445,38367.42
4446,33713.348
4447,32521.545
4448,30243.002
4449,29300.875
4450,28886.955
4451,28858.527
4452,28453.213
4453,27667.666
4454,27120.307
4455,26600.32
4456,26119.027
4457,25908.512
4458,25788.518
4459,25724.223
4460,25785.373
4461,27374.174
4462,34057.406
4463,37159.46
4464,40848.957
4465,42689.22
4466,43864.293
4467,45608.08
4468,46359.793
4469,46746.734
4470,46595.82
4471,46547.566
4472,46165.1
4473,45876.06
4474,46155.9
4475,45762.97
4476,46406.44
4477,46395.863
4478,46323.844
4479,46275.26
4480,46487.113
4481,46886.156
4482,47767.28
4483,48283.445
4484,48579.652
4485,48737.15
4486,48663.91
4487,48586.664
4488,48495.957
4489,48413.895
4490,48280.434
4491,47197.41
4492,45296.074
4493,44665.61
4494,39610.824
4495,35884.574
4496,34191.496
4497,33485.12
4498,33101.48
4499,32505.492
4500,31377.682
4501,30438.82
4502,30162.484
4503,29442.807
4504,29352.984
4505,29169.494
4506,29289.96
4507,29198.541
4508,29428.809
4509,29544.348
4510,31935.902
4511,33336.348
4512,37002.484
4513,41586.3
4514,43221.207
4515,43264.836
4516,43955.926
4517,44620.863
4518,45137.246
4519,45473.05
4520,45748.56
4521,45702.055
4522,45655.79
4523,45583.914
4524,45515.19
4525,45501.11
4526,45460.152
4527,45419.96
4528,45929.863
4529,46677.26
4530,48545.773
4531,48569.277
4532,48516.957
4533,48453.06
4534,48031.207
4535,47487.586
4536,47306.293
4537,46542.285
4538,45642.44
4539,44825.117
4540,42773.414
4541,39256.49
4542,36511.777
4543,35488.082
4544,31245.95
4545,30808.719
4546,30401.605
4547,30708.432
4548,30208.271
4549,29063.316
4550,28600.338
4551,28947.385
4552,29271.443
4553,29262.912
4554,29338.531
4555,29637.922
4556,29946.398
4557,31593.656
4558,33862.652
4559,34098.45
4560,41252.164
4561,43426.258
4562,43848.65
4563,44493.855
4564,45197.96
4565,45488.945
4566,45590.906
4567,45594.168
4568,45520.75
4569,45501.98
4570,45368.562
4571,45294.992
4572,45348.156
4573,45279.26
4574,45444.094
4575,45444.125
4576,45480.633
4577,45751.39
4578,47794.855
4579,48045.727
4580,48555.17
4581,48437.82
4582,48507.973
4583,48393.617
4584,48343.79
4585,47936.684
4586,47462.293
4587,46436.535
4588,45295.527
4589,43453.246
4590,39253.45
4591,37323.273
4592,33886.234
4593,33946.08
4594,33405.312
4595,33192.13
4596,32451.371
4597,31609.045
4598,31028.281
4599,30185.416
4600,29750.307
4601,29342.137
4602,29095.025
4603,28974.787
4604,29343.088
4605,31204.027
4606,33904.547
4607,35398.688
4608,41797.066
4609,43671.418
4610,43560.33
4611,44011.75
4612,44053.31
4613,44351.605
4614,44499.83
4615,44533.137
4616,44469.63
4617,44345.53
4618,44292.984
4619,44089.957
4620,43829.617
4621,43655.617
4622,43837.668
4623,43896.848
4624,45564.63
4625,47131.336
4626,47921.375
4627,47896.297
4628,48007.77
4629,47943.855
4630,47987.125
4631,47996.16
4632,47931.16
4633,47352.99
4634,46550.438
4635,44765.61
4636,43446.973
4637,41966.184
4638,40054.42
4639,39331.92
4640,33896.266
4641,33440.996
4642,33159.35
4643,33121.633
4644,32696.508
4645,31990.877
4646,31062.191
4647,30402.135
4648,30038.285
4649,29601.453
4650,29129.496
4651,28563.701
4652,28301.41
4653,28802.455
4654,33033.926
4655,34896.434
4656,38707.04
4657,39942.46
4658,40258.918
4659,40705.36
4660,41297.215
4661,41600.945
4662,41212.863
4663,41320.566
4664,41573.37
4665,41491.387
4666,41202.91
4667,41151.766
4668,41191.395
4669,41205.91
4670,41402.2
4671,41410.418
4672,41361.01
4673,41689.754
4674,43857.09
4675,45816.996
4676,46303.832
4677,46144.01
4678,45096.9
4679,44501.902
4680,43601.41
4681,43058.703
4682,42540.75
4683,42173.46
4684,41215.824
4685,39757.355
4686,39220.758
4687,38370.523
4688,33143.13
4689,32781.4
4690,32321.852
4691,31594.234
4692,31329.059
4693,31563.223
4694,31358.197
4695,30125.43
4696,29495.139
4697,28916.3
4698,28301.225
4699,27176.182
4700,26358.139
4701,26342.428
4702,26855.037
4703,27792.818
4704,31863.04
4705,32675.463
4706,34518.562
4707,40522.137
4708,40217.68
4709,40354.293
4710,40672.14
4711,41108.37
4712,41311.03
4713,41302.652
4714,41091.227
4715,40834.625
4716,40510.043
4717,40230.14
4718,40053.504
4719,39815.152
4720,39651.16
4721,39876.887
4722,41105.31
4723,42492.805
4724,44012.277
4725,43830.832
4726,43110.254
4727,42457.26
4728,41915.676
4729,40940.164
4730,39770.88
4731,39518.703
4732,39496.164
4733,39146.844
4734,36262.336
4735,34945.527
4736,32570.314
4737,32708.52
4738,32273.412
4739,31434.664
4740,30534.123
4741,29582.65
4742,28836.693
4743,28014.76
4744,27145.445
4745,26141.535
4746,25712.518
4747,25613.963
4748,25953.592
4749,26219.03
4750,26274.973
4751,26552.336
4752,28032.088
4753,29818.012
4754,31825.902
4755,33036.8
4756,34643.04
4757,38813.754
4758,38595.723
4759,39414.45
4760,39802.773
4761,39980.03
4762,40071.48
4763,40121.062
4764,40156.324
4765,40265.84
4766,40298.652
4767,40368.137
4768,40438.52
4769,41135.246
4770,42975.9
4771,43702.0
4772,44009.12
4773,44161.12
4774,44232.54
4775,43881.523
4776,43009.43
4777,41377.84
4778,40489.21
4779,39788.64
4780,39685.637
4781,39356.21
4782,35110.375
4783,34207.695
4784,31424.629
4785,30827.594
4786,30030.996
4787,29469.613
4788,29157.367
4789,28820.81
4790,28286.748
4791,27859.207
4792,27472.934
4793,27401.348
4794,27199.07
4795,27250.406
4796,27382.082
4797,29250.305
4798,33249.152
4799,35440.61
4800,40153.4
4801,40683.75
4802,40007.695
4803,40890.707
4804,41884.145
4805,42499.074
4806,43195.887
4807,43403.434
4808,43565.305
4809,43454.344
4810,43406.883
4811,43370.6
4812,43190.066
4813,43086.633
4814,42929.535
4815,42849.742
4816,42798.477
4817,42965.406
4818,44525.652
4819,45842.42
4820,45921.504
4821,45529.277
4822,44968.594
4823,44375.69
4824,43983.19
4825,42798.79
4826,41930.047
4827,40829.79
4828,40087.445
4829,39463.18
4830,36881.066
4831,34404.35
4832,32010.254
4833,30308.287
4834,29615.637
4835,29089.688
4836,28646.004
4837,28094.738
4838,27498.754
4839,26253.39
4840,25488.787
4841,25276.434
4842,25201.188
4843,25235.297
4844,25680.963
4845,27400.855
4846,33110.55
4847,33394.305
4848,35834.734
4849,35692.47
4850,35870.594
4851,36230.52
4852,36877.92
4853,37227.797
4854,37378.848
4855,37386.3
4856,37458.832
4857,37561.27
4858,37341.484
4859,37069.914
4860,36949.082
4861,36957.633
4862,36905.28
4863,37132.555
4864,37057.875
4865,36814.016
4866,36799.523
4867,37304.168
4868,37516.195
4869,37864.797
4870,37790.156
4871,37564.105
4872,37336.52
4873,37314.047
4874,37331.28
4875,36994.996
4876,36901.566
4877,37089.535
4878,35127.094
4879,34220.555
4880,32828.777
4881,31065.393
4882,30945.383
4883,30774.996
4884,29763.518
4885,28512.197
4886,27808.557
4887,27136.361
4888,26521.762
4889,25985.832
4890,25608.307
4891,25382.182
4892,26162.166
4893,30500.08
4894,32817.793
4895,34019.613
4896,35195.523
4897,35211.02
4898,35493.86
4899,35719.38
4900,36014.582
4901,36077.03
4902,35838.68
4903,35829.8
4904,35772.332
4905,35745.883
4906,35830.83
4907,35814.004
4908,35878.23
4909,35864.094
4910,36761.977
4911,36961.574
4912,40144.777
4913,39791.918
4914,39909.797
4915,39953.08
4916,38833.086
4917,37957.367
4918,37295.5
4919,36774.254
4920,36432.09
4921,37666.258
4922,35764.82
4923,35569.61
4924,35846.93
4925,35938.46
4926,34294.926
4927,33900.773
4928,29169.848
4929,29488.305
4930,28026.566
4931,31504.523
4932,29895.816
4933,29020.945
4934,28778.379
4935,28620.623
4936,28174.617
4937,27942.164
4938,28061.975
4939,27875.938
4940,28056.453
4941,28413.727
4942,33126.445
4943,35632.52
4944,44375.527
4945,45045.15
4946,44144.527
4947,44150.164
4948,44372.93
4949,44696.42
4950,44356.977
4951,44053.754
4952,43714.285
4953,43471.293
4954,43364.887
4955,43385.734
4956,43449.555
4957,43657.074
4958,44069.95
4959,44310.2
4960,44706.137
4961,43786.55
4962,45525.15
4963,46796.625
4964,47154.89
4965,47206.402
4966,47150.883
4967,47041.637
4968,46529.652
4969,45292.87
4970,43252.723
4971,41353.523
4972,40193.6
4973,39705.586
4974,35008.906
4975,35362.566
4976,31240.744
4977,30780.639
4978,30422.326
4979,30458.879
4980,30395.059
4981,30160.533
4982,29017.285
4983,28146.3
4984,28088.957
4985,27998.91
4986,27772.854
4987,27653.818
4988,27671.588
4989,28746.162
4990,31903.389
4991,34215.523
4992,39873.934
4993,39859.09
4994,39980.484
4995,40184.848
4996,40581.96
4997,41032.453
4998,41279.844
4999,41520.094
5000,41344.62
5001,41213.617
5002,41208.64
5003,41190.65
5004,41222.195
5005,41148.535
5006,41103.99
5007,41158.39
5008,41386.78
5009,42016.926
5010,43308.3
5011,44877.395
5012,45389.28
5013,45362.23
5014,44710.56
5015,44207.062
5016,43372.566
5017,42304.848
5018,40460.215
5019,39692.293
5020,39508.566
5021,38018.67
5022,34243.438
5023,34820.477
5024,31704.957
5025,31805.377
5026,31538.01
5027,30744.768
5028,29975.854
5029,29268.875
5030,28282.795
5031,27326.83
5032,27065.22
5033,26356.25
5034,25795.107
5035,25668.705
5036,25927.29
5037,26160.793
5038,26605.404
5039,28606.227
5040,30602.15
5041,30795.059
5042,32463.0
5043,34281.434
5044,38106.625
5045,39617.625
5046,40242.184
5047,40644.54
5048,40849.477
5049,41045.688
5050,40985.375
5051,40999.434
5052,40990.977
5053,40934.805
5054,40879.85
5055,40834.902
5056,40795.54
5057,41243.57
5058,42878.465
5059,43755.42
5060,44352.69
5061,44162.09
5062,43752.11
5063,43026.613
5064,41809.53
5065,41082.793
5066,40550.863
5067,40023.113
5068,38639.875
5069,35967.28
5070,34193.207
5071,33605.14
5072,30526.07
5073,30833.174
5074,30360.193
5075,29562.6
5076,29183.6
5077,28649.781
5078,28145.098
5079,27149.273
5080,26268.895
5081,25691.46
5082,25702.537
5083,25713.21
5084,25167.31
5085,24759.963
5086,24361.885
5087,24513.227
5088,25395.736
5089,28223.738
5090,30515.676
5091,31713.58
5092,33957.504
5093,33885.82
5094,35813.797
5095,37721.945
5096,39496.484
5097,40471.07
5098,40579.258
5099,40856.516
5100,41054.758
5101,41105.344
5102,41310.137
5103,41355.906
5104,41715.535
5105,41648.777
5106,41929.984
5107,43323.516
5108,44021.93
5109,44071.137
5110,43161.848
5111,42754.285
5112,42532.01
5113,41485.605
5114,40576.168
5115,40309.227
5116,39394.113
5117,36622.87
5118,34044.453
5119,33574.598
5120,32194.395
5121,31828.37
5122,30801.277
5123,29782.447
5124,29663.994
5125,29535.324
5126,28508.182
5127,28251.225
5128,28334.256
5129,27936.658
5130,27768.646
5131,27657.453
5132,27819.771
5133,28529.486
5134,29172.523
5135,30169.793
5136,33051.26
5137,35437.58
5138,35468.05
5139,36478.832
5140,38186.7
5141,39386.547
5142,40658.13
5143,41347.445
5144,41606.676
5145,41712.836
5146,41470.965
5147,41443.527
5148,41348.297
5149,41413.426
5150,41411.176
5151,41494.758
5152,41837.043
5153,41987.355
5154,42798.324
5155,44002.457
5156,44525.914
5157,45099.996
5158,45045.09
5159,44387.973
5160,43255.848
5161,42385.15
5162,41872.414
5163,41126.777
5164,39067.11
5165,35443.414
5166,34320.656
5167,35035.734
5168,33505.703
5169,33125.902
5170,32673.37
5171,31810.936
5172,30794.531
5173,30191.88
5174,30716.2
5175,29804.457
5176,28929.67
5177,28177.219
5178,28085.576
5179,27900.934
5180,27720.453
5181,27648.703
5182,29572.428
5183,31424.043
5184,33071.586
5185,33919.812
5186,34359.75
5187,37306.34
5188,38972.656
5189,40693.336
5190,41469.37
5191,41712.316
5192,41817.613
5193,41691.188
5194,41513.543
5195,41294.03
5196,40969.258
5197,40782.867
5198,40514.598
5199,40158.715
5200,41297.215
5201,41910.008
5202,43014.254
5203,43600.625
5204,43875.145
5205,44124.258
5206,43763.383
5207,42852.223
5208,42334.152
5209,41716.055
5210,40603.035
5211,36797.07
5212,35368.027
5213,35912.746
5214,31198.965
5215,31406.178
5216,33203.49
5217,32734.271
5218,32075.367
5219,31552.445
5220,31103.316
5221,30774.895
5222,30198.22
5223,29232.979
5224,27682.004
5225,26711.984
5226,26188.295
5227,25961.428
5228,26071.125
5229,27958.914
5230,32304.879
5231,32830.516
5232,34953.797
5233,36768.21
5234,38502.215
5235,40519.08
5236,40928.87
5237,43097.992
5238,45891.246
5239,46264.83
5240,46168.812
5241,45502.934
5242,45104.977
5243,45163.195
5244,45133.555
5245,45156.527
5246,45346.137
5247,45536.297
5248,45593.152
5249,45528.445
5250,45487.383
5251,45651.074
5252,43526.69
5253,42410.66
5254,42527.797
5255,42081.25
5256,42840.195
5257,42547.953
5258,42287.742
5259,41317.883
5260,39534.707
5261,38029.117
5262,35341.98
5263,34302.215
5264,32276.742
5265,31926.746
5266,31807.605
5267,31377.188
5268,31070.42
5269,30733.682
5270,29749.068
5271,28759.75
5272,27533.34
5273,27485.969
5274,27867.38
5275,28194.877
5276,28537.805
5277,29083.986
5278,31851.715
5279,33186.94
5280,34234.867
5281,34534.94
5282,36305.2
5283,37131.953
5284,41387.863
5285,43290.203
5286,45637.875
5287,46139.48
5288,46689.164
5289,46802.47
5290,46758.434
5291,46765.75
5292,46724.81
5293,46886.676
5294,46953.258
5295,46932.6
5296,46920.535
5297,46903.777
5298,46819.4
5299,46790.46
5300,46898.484
5301,46898.418
5302,46843.26
5303,46773.152
5304,46743.113
5305,46808.906
5306,46787.97
5307,45161.48
5308,42465.707
5309,41121.645
5310,39399.05
5311,34593.098
5312,33455.547
5313,32832.4
5314,32581.686
5315,32996.85
5316,31980.723
5317,31688.578
5318,31444.291
5319,31056.281
5320,30258.504
5321,28941.248
5322,28568.012
5323,28535.756
5324,29684.531
5325,32683.773
5326,37157.04
5327,40268.04
5328,40929.586
5329,41444.35
5330,43848.68
5331,45937.953
5332,45407.637
5333,46530.145
5334,46718.734
5335,46800.184
5336,46779.71
5337,46804.617
5338,46779.367
5339,46687.234
5340,46516.496
5341,46387.31
5342,46359.414
5343,46250.05
5344,46138.016
5345,46214.914
5346,46905.438
5347,47829.414
5348,48122.953
5349,48208.51
5350,48211.73
5351,47881.234
5352,47166.805
5353,46598.03
5354,46439.082
5355,46198.72
5356,43982.734
5357,39587.668
5358,34520.66
5359,34299.414
5360,33337.46
5361,33472.76
5362,33383.19
5363,32917.902
5364,33013.83
5365,32737.861
5366,32721.994
5367,32532.336
5368,32331.924
5369,31970.668
5370,31387.115
5371,30978.367
5372,30816.6
5373,30924.197
5374,32757.51
5375,33556.36
5376,34862.457
5377,36012.555
5378,39095.332
5379,40099.684
5380,42141.918
5381,43954.375
5382,45833.41
5383,46027.703
5384,46045.35
5385,46242.9
5386,46490.555
5387,46165.844
5388,45824.62
5389,45800.695
5390,45665.574
5391,45501.484
5392,45374.36
5393,45361.215
5394,45823.77
5395,46890.926
5396,47333.535
5397,47436.598
5398,46577.74
5399,45867.82
5400,46120.824
5401,45597.305
5402,45194.664
5403,44446.816
5404,40564.594
5405,36424.41
5406,34111.035
5407,34235.113
5408,33772.465
5409,33829.12
5410,33412.246
5411,32705.916
5412,32755.168
5413,32505.35
5414,32503.521
5415,32154.527
5416,31535.97
5417,31376.242
5418,31413.783
5419,31536.383
5420,31703.576
5421,31697.623
5422,32198.342
5423,32515.436
5424,33068.617
5425,33492.52
5426,34401.42
5427,35859.2
5428,36901.773
5429,38278.367
5430,40832.5
5431,41810.18
5432,42393.492
5433,42594.77
5434,43414.367
5435,43776.21
5436,43927.93
5437,43818.887
5438,44060.098
5439,43798.473
5440,43870.54
5441,44604.023
5442,45971.773
5443,46645.773
5444,47107.348
5445,47224.902
5446,47298.164
5447,47111.06
5448,46336.008
5449,45214.305
5450,44478.73
5451,42687.984
5452,37382.414
5453,35737.07
5454,34312.85
5455,34342.566
5456,32346.19
5457,32025.244
5458,31542.89
5459,31257.283
5460,30959.6
5461,30621.31
5462,30093.098
5463,29447.506
5464,28645.096
5465,28072.615
5466,27613.547
5467,27249.953
5468,27400.344
5469,29057.064
5470,30203.994
5471,33662.715
5472,38655.457
5473,40856.527
5474,42613.426
5475,43020.91
5476,44774.824
5477,44568.484
5478,44900.3
5479,45124.484
5480,45416.78
5481,45408.61
5482,45125.953
5483,44975.01
5484,44474.91
5485,44087.668
5486,43900.816
5487,43813.793
5488,43693.76
5489,44034.0
5490,46378.105
5491,47574.18
5492,48178.566
5493,48249.74
5494,48215.566
5495,47992.77
5496,47713.246
5497,47151.453
5498,46443.85
5499,46140.254
5500,45716.176
5501,44383.0
5502,40070.96
5503,36018.21
5504,33407.242
5505,33034.906
5506,32712.377
5507,32855.285
5508,32115.277
5509,30570.637
5510,29797.309
5511,29707.506
5512,29805.94
5513,29835.508
5514,29797.254
5515,29577.791
5516,29160.246
5517,29170.21
5518,29832.752
5519,31129.324
5520,32095.596
5521,34671.99
5522,39020.99
5523,39224.754
5524,44250.637
5525,45227.21
5526,46054.168
5527,46365.508
5528,46591.555
5529,46445.805
5530,46076.324
5531,45894.6
5532,45896.99
5533,45854.82
5534,46166.09
5535,46278.91
5536,46446.156
5537,46484.477
5538,45970.227
5539,46099.664
5540,46674.758
5541,46515.58
5542,46172.195
5543,46309.68
5544,46963.836
5545,47433.695
5546,46931.5
5547,43105.934
5548,39863.453
5549,35479.234
5550,34369.434
5551,34257.777
5552,33921.938
5553,33677.086
5554,33508.414
5555,33456.367
5556,33049.625
5557,31906.61
5558,31008.748
5559,30551.422
5560,30505.982
